Age,Income,Credit_Score,Credit_Utilization,Missed_Payments,Loan_Balance,Debt_to_Income_Ratio,Account_Tenure,Payment_Risk_Score,Consecutive_Miss,Month_1,Month_2,Month_3,Month_4,Month_5,Month_6,Employment_Status_Retired,Employment_Status_Self-employed,Employment_Status_Unemployed,Credit_Card_Type_Gold,Credit_Card_Type_Platinum,Credit_Card_Type_Standard,Credit_Card_Type_Student,Customer_ID,Risk_Score,Delinquent_Account,Top_Risk_Factor
0.37095755,0.16352645,-0.3023699,-0.14019576,-0.2367565,-0.22971213,-0.22066304,-1.1070448,0.18358141,-0.02984934,-0.25765425,0.28183654,-0.7606404,0.22111797,-1.208359,-0.37981325,-0.032290626,-0.049808886,-0.18745762,-0.38038608,-0.21822467,-0.026135255,0.07300836,CUST0001,0.05630157,0,Month_5
-1.2483276,-0.22603656,-0.04045996,-0.28029668,-0.8199123,-0.5065413,-0.19491859,-0.40900603,-0.014322743,-0.04179512,-0.2636691,-1.0607157,0.069301344,-0.7190663,0.14608358,0.311589,-0.123257495,0.35379806,-0.10104217,-0.15088607,-0.046685163,0.047577545,-0.33123767,CUST0002,0.018064473,1,Age
0.21830568,0.22759013,0.00092152134,-0.070747346,0.40867236,0.010224787,0.018278347,-0.44791818,0.22913203,0.026772441,-0.1511462,0.39469624,0.141094,0.09876783,-1.4133828,-0.08733741,-0.027584126,0.19416863,-0.08847396,-0.22935204,0.25122547,-0.0031331156,-0.36019835,CUST0003,0.7300398,0,Month_5
-0.94237053,-0.13421947,-0.15219183,-0.15307526,-0.16172117,-0.64640665,-0.29528627,-0.7304477,0.09831777,0.0195342,-0.38687816,-1.8196856,0.07075498,-0.6480566,0.105684355,-0.22976032,-0.12808791,-0.13996227,-0.09376649,-0.28042394,0.45485255,-0.0050048376,-0.29239303,CUST0004,0.007873521,0,Month_2
-0.2947434,-0.69381857,-0.3658322,-2.7627885,-0.02863702,-0.17277104,-0.286238,0.13372812,0.096752696,0.024739828,-0.41645116,0.2847696,-1.2878051,0.255851,0.121281,-0.25625303,-0.037506837,0.15059268,-0.16585211,-0.06955136,-0.039720304,0.043809127,-0.13065073,CUST0005,0.0141631495,0,Credit_Utilization
-1.2026007,-0.7049277,-0.034960676,-0.08752568,-1.0539262,-0.27447814,-0.28463984,-0.17410924,0.03820179,0.032590233,0.06381281,-0.02726972,-0.30428618,-0.7525052,-1.9796464,-0.19514531,-0.021503162,-0.041163456,0.06147069,0.4730311,-0.1444097,-0.0035218932,-0.2946063,CUST0006,0.0051794206,0,Month_5
-0.48640567,-0.3996577,-0.4097573,0.06827592,-0.17468093,0.22734602,-0.27823466,-0.2823139,0.057557113,0.017076844,0.31213602,-1.6884935,-0.8678121,0.08568863,-0.9406941,-0.1267703,-0.082729496,-0.05317408,-0.054765932,-0.005940332,0.29329687,-0.0046872604,-0.27686793,CUST0007,0.03175737,0,Month_2
0.2748507,0.147313,-0.21805578,-0.3120707,-0.20910223,-0.37461984,-0.2724197,-0.3695613,-0.21924452,0.0774342,-0.0356043,0.17462164,0.12355333,0.24839438,-1.9275372,-0.41476342,-0.0273761,-0.067233704,-0.13956119,-0.41477796,-0.119972676,-0.022606881,0.46128917,CUST0008,0.121020354,0,Month_5
-0.2997238,-0.009452567,0.111195795,0.69508773,-0.0026662438,-0.010671496,-0.0063092965,0.4458738,-0.1310756,-0.16641198,0.4141914,0.4757924,0.33371937,-0.98398054,0.28642073,0.40532452,-0.040978137,-0.04631355,-0.006298654,-0.20742714,-0.12170942,-0.022723775,0.6300635,CUST0009,0.9675848,1,Month_4
-1.3453403,-0.82793933,-0.023598166,-0.09707987,-0.2615233,-0.05307064,-0.18093817,-0.08865497,-0.022158261,0.023957271,0.4889315,-1.001282,-1.0509665,-0.12850088,-0.9826362,-0.41866714,-0.12058515,-0.06514735,-0.12076218,-0.08519714,-0.09897575,-0.0052836086,-0.17984891,CUST0010,0.006752814,0,Age
-1.5483307,-0.7020338,-0.29877508,-0.17659402,-0.024875274,-0.43195504,-0.11141423,-0.21778326,0.11267409,0.02504728,0.36227995,0.13243125,-0.88615817,-0.52853185,0.23304065,-0.15785637,-0.025317058,-0.062451106,0.11645087,-0.13613236,-0.2317006,-0.028272351,0.2307797,CUST0011,0.06290091,0,Age
-1.7548151,-0.23451371,-0.001472237,-0.28774756,-0.2574786,-0.2836855,-0.013657947,0.19159524,0.059990905,0.026481569,0.3447848,-2.0542018,-0.64289796,0.19505876,0.35613438,-0.2293419,-0.11522697,-0.04869887,0.38058496,-0.25777477,-0.13166602,-0.0059781154,-0.010136889,CUST0012,0.042272996,0,Month_2
-0.38018206,-0.48176628,-1.1977326,-2.5916302,-0.005546833,-0.1512375,-0.10575797,-0.29080433,0.048927527,-0.04419741,-0.22913477,0.20437823,-1.2837355,0.24676411,0.17513403,0.19290324,-0.031927854,-0.028368214,-0.10125617,-0.092912294,-0.07022214,0.04763687,-0.16954681,CUST0013,0.009139523,0,Credit_Utilization
-1.184721,-0.04138746,-0.56119347,-1.8083496,-0.12082827,0.05143637,-0.16599499,-0.17120282,0.02115285,-0.07733647,0.39722702,-0.76995057,-0.98189884,-0.77163756,-0.068000555,0.22838818,0.40442175,-0.17609799,-0.1517114,-0.14210361,-0.0329307,0.04608665,-0.36148292,CUST0014,0.008294218,0,Credit_Utilization
0.4152773,0.18487501,0.046401814,-0.4377405,0.010339197,-0.5330793,-0.7304872,0.2234948,-0.00556467,-0.064009964,-0.04733652,-2.3042824,0.036614638,0.2677378,-0.010143952,-0.18616629,-0.07535518,-0.060243357,0.11510807,-0.25486714,-0.06453913,0.0439801,-0.29577777,CUST0015,0.11189639,0,Month_2
0.028857289,0.15180111,0.11728143,0.0153490305,0.45316556,0.07049792,-0.08702519,0.26013458,0.123003595,0.02564074,-0.2921757,0.3015533,0.10994857,-1.1874961,-0.92648566,0.122354805,-0.039288234,0.13546681,-0.07657625,0.64883167,-0.037438925,-0.0031229458,-0.43517068,CUST0016,0.7564577,0,Month_4
-0.3979747,0.17822205,-0.2771732,-2.202421,-0.34739834,-0.21457389,-0.0060702404,0.19993666,-0.0077653658,0.0481556,-0.38604364,-0.96028256,0.20542315,-0.26719725,-0.7927283,-0.12801605,-0.1201985,0.34879866,-0.072389856,0.35877362,-0.0749395,-0.0034795213,-0.4238395,CUST0017,0.024388984,0,Credit_Utilization
-0.14135888,0.051991325,-0.14682834,-0.39227766,0.16275886,0.065718725,0.257632,-0.5086996,-0.28540042,-0.19085029,0.26432595,0.702474,0.22943226,0.4754234,0.54302126,-0.01940877,-0.031196978,-0.03133486,1.0321382,-0.20713086,-0.099812955,-0.0060597984,0.10293051,CUST0018,0.97016364,1,Employment_Status_Unemployed
0.05369413,-0.53556645,-0.776795,-0.059655387,-0.20790179,-0.052585877,-0.07681615,-0.9403116,-0.0033130494,0.018437734,-0.6074391,0.4027227,0.17721662,0.21665262,0.50082374,-1.3530772,-0.027290327,-0.03413509,0.28793555,-0.29426455,-0.17447332,-0.026135255,-0.11442594,CUST0019,0.12212556,0,Month_6
-1.2684379,-0.13147582,0.08895653,-0.06062733,-0.03314282,0.07644394,-0.20012583,-0.78339803,0.13345358,0.022103587,-0.0729467,-1.7972596,0.1106825,0.21571392,0.03710373,-0.94751537,0.27452055,-0.04392611,-0.18314159,-0.33760622,-0.16873352,-0.024914049,0.15863048,CUST0020,0.03621508,0,Month_2
-0.59882486,-0.24515273,-0.38885072,-0.55747324,-0.062029682,-0.42390078,-0.14540078,0.19456662,-0.59937036,-0.28375983,-0.19964276,0.3416305,0.12461515,0.09553393,0.412502,-0.17845552,-0.02085689,0.16521601,-0.15471551,-0.15176572,-0.10343412,0.051617503,-0.087537974,CUST0021,0.23844203,0,Payment_Risk_Score
0.22966781,-0.048987504,0.37071982,-0.066310875,0.15903677,0.97625864,0.29959676,0.017659422,0.17158858,0.035897356,-0.2233137,-1.4872185,0.27686372,0.20461062,0.14636579,-0.30355182,-0.042990867,-0.027804576,0.44887194,-0.04425237,0.40554768,-0.0046038497,-0.14349347,CUST0022,0.9527728,1,Month_2
0.04624387,0.106526636,-1.4399493,-2.8455741,0.15854973,-0.4684416,-0.0035060793,0.11620443,-0.6409254,-0.23608342,-0.50064766,0.3072507,0.19769846,0.22871056,-0.018452339,0.20050208,-0.04514737,-0.0680477,0.59373075,0.22239989,-0.046675995,-0.0031229458,-0.4308481,CUST0023,0.051399622,0,Credit_Utilization
0.6128562,0.18710756,0.24301375,-0.03313841,0.03463784,0.0049139713,0.05143567,0.20362306,0.10232233,-0.2672355,0.038350083,0.3727674,0.16180438,0.23152106,0.3186341,-0.08969357,0.100712255,-0.05155828,-0.13894637,0.64033806,-0.068300806,-0.0030891495,-0.293883,CUST0024,0.9822322,1,Credit_Card_Type_Gold
0.32852995,-0.6035646,0.04314764,-1.3877597,-0.058987953,-0.675843,0.030348815,0.36886692,-0.09867473,0.036780037,0.35736677,-0.94646966,-0.7755206,-0.7057454,-0.0858245,-0.10747856,0.116976224,-0.043064807,-0.21173154,-0.08792916,-0.07294823,0.04577492,-0.2232908,CUST0025,0.042992216,0,Credit_Utilization
-0.7734582,-0.04565169,-0.044666104,-0.28900343,-0.15688735,-0.28557253,-0.15003878,-0.04868425,0.23415364,0.08205212,-0.20272383,-1.8921783,0.19873363,0.20299762,-0.99635303,0.50244176,-0.16327174,-0.029572923,-0.0037293474,0.4888514,-0.10109183,-0.004801036,-0.27294075,CUST0026,0.109374575,0,Month_2
-0.7684364,-0.69013095,-0.20956013,-0.3521112,0.16249824,-0.4601796,-0.1245063,0.34360537,0.13499151,0.039776042,-0.5629871,-0.13331315,-1.0642625,-0.89866006,-1.5273453,0.22327156,0.08540038,-0.06515623,-0.07575458,-0.17703728,-0.057793602,0.043644924,-0.36527687,CUST0027,0.0078056124,0,Month_5
0.5046399,0.17527127,-0.019589724,-2.007096,-0.16660695,-0.09603614,-0.017235912,-0.26962224,0.21633384,0.09427534,-0.142758,0.16639775,0.094011456,0.3030866,-1.9035302,0.4836244,-0.029935054,-0.05616646,-0.14206864,-0.40774992,-0.046756398,-0.0050098146,-0.3089405,CUST0028,0.12705952,0,Credit_Utilization
-1.082968,-0.37025288,0.027462125,0.25983217,0.027386613,0.037850637,-0.048673656,-0.6686208,0.08631016,-0.021590542,-0.011193303,0.34771883,-1.3520464,-0.089538336,0.26826942,0.42509598,-0.029904893,0.07679206,-0.31062022,-0.39172673,-0.21508221,-0.030322086,-0.275682,CUST0029,0.15613721,0,Month_3
0.008592593,-0.3984989,0.0757207,-0.36157277,-0.12532668,0.023212925,-0.13050881,-1.0442111,-1.532072,-0.22642268,-0.1282927,0.5250806,0.27417603,0.16016775,0.35326296,0.13268234,-0.035955776,-0.04663727,-0.2300119,-0.31867772,0.2977819,-0.0035250126,-0.22122397,CUST0030,0.2145001,0,Payment_Risk_Score
-0.64143205,-0.33456084,-0.23138049,-0.11897216,-0.13829534,-0.31088743,-0.33789238,-1.1870946,0.20982789,0.018267509,0.33182186,-2.0263212,0.017476058,-0.5519037,0.25608084,-0.69780546,-0.09373626,-0.07568036,-0.073260866,-0.24665631,-0.15595627,-0.0272975,0.16216753,CUST0031,0.009959271,0,Month_2
-0.29918355,-0.8759508,-0.3181201,-0.15039009,0.08178584,-0.24852239,-0.26047993,-0.72481465,-0.1768425,-0.028939312,0.21040916,0.25220084,0.09363599,0.109696284,0.43937418,-1.0767599,-0.03260478,-0.027555857,0.058395743,-0.23743059,-0.14849159,-0.021128245,0.11333024,CUST0032,0.16601504,0,Month_6
-0.6353217,0.20819624,-0.11480944,0.040203605,0.37140498,0.02515588,0.15795475,-0.5779368,0.005166856,-0.18309672,-0.069067165,0.5374941,0.1523247,0.5360864,0.20912412,0.6759454,-0.11323672,-0.06693957,0.53442234,-0.16369104,-0.047789533,-0.0053652916,-0.022258885,CUST0033,0.9572304,1,Month_6
0.04951164,-0.31465295,-0.5755808,-2.744415,-0.039439645,-0.55143976,0.05876281,-0.21492182,-0.029149326,0.06804557,-0.6615571,0.08817355,0.07682688,-0.745094,0.23212677,-0.65568495,-0.025215194,-0.1448578,-0.060299836,0.41049087,-0.03532512,-0.0032057278,-0.3338276,CUST0034,0.011025253,0,Credit_Utilization
0.6941717,-0.1314048,-0.04071532,0.12355849,0.10255604,-0.31580046,0.6524128,0.29693097,0.028886281,-0.022208767,0.7536424,-1.2015961,0.18639627,0.32959104,0.3233812,-0.09822432,0.3228809,-0.070230335,-0.070249714,-0.06039588,0.34393448,-0.003722709,-0.2855375,CUST0035,0.9710415,1,Month_2
-0.21350293,0.044801064,0.0076898625,0.10780829,-0.13268237,-0.29436237,0.016132,-0.7757337,0.069930635,-0.12228303,-0.16773872,-2.3667781,-0.612721,-0.10615842,0.22760294,0.38729727,-0.13306221,-0.04877272,0.2485041,0.6225254,-0.03472625,-0.0046753264,-0.27577505,CUST0036,0.1298335,0,Month_2
-0.96419424,-0.5489619,-0.37954554,-1.9053485,0.107788995,0.0032579135,-0.03124546,-0.56962174,0.21891947,0.024676468,-0.06892518,-1.1110408,-0.79149455,-0.09741617,0.14999844,-0.36667758,-0.05950841,-0.02158591,-0.12975009,-0.2297619,-0.24413085,-0.031484336,-0.224908,CUST0037,0.00362341,0,Credit_Utilization
-0.6896978,-0.11896786,0.07378199,0.49899632,-1.1784543,-0.62713957,0.028411146,-0.7573935,-0.4554334,0.029911533,-0.2995329,0.25612903,0.10758087,0.034841597,-1.334129,0.6557788,-0.032803245,-0.047251053,-0.19652943,-0.18371339,-0.07464644,0.05557262,-0.039892633,CUST0038,0.06658742,0,Month_5
-0.56938344,-0.08783346,-0.50385326,0.22397353,-1.0184954,-0.18445247,-0.038192447,-0.83861387,0.18710788,0.027943628,-0.34189358,0.09331581,0.0931846,-1.1327131,-0.86959374,0.5818915,-0.049248215,-0.08833048,-0.11780504,-0.30627415,-0.1662223,-0.026135255,0.19777806,CUST0039,0.036277868,0,Month_4
-0.94740087,-0.15162638,-0.54741156,0.03337757,-1.8886485,-0.067737475,-0.20987643,-0.098077394,-0.5933007,-0.21171434,0.4927742,0.14512166,-0.021789126,0.180603,0.1203553,0.29196194,-0.07894424,-0.09462666,-0.13173021,0.07587802,-0.04169422,-0.0032057278,-0.37327224,CUST0040,0.07822338,0,Missed_Payments
-0.3812186,-0.00023081119,-0.5041092,-2.543812,0.08917207,-0.13797458,0.21924214,-0.018390756,0.07227486,-0.02771252,-0.24984068,-1.5528183,0.18249546,0.041647427,0.04906414,-0.110442944,-0.107438065,0.11715215,-0.06434829,-0.12444237,-0.1292873,-0.03838053,0.49704763,CUST0041,0.044442344,0,Credit_Utilization
-0.6926182,-0.63864607,-0.38414186,0.0949546,-0.24519686,-0.10664253,-0.37659293,-0.39816046,0.016483333,0.0052341395,-0.5819551,0.22254032,0.120299794,0.19215734,-1.503786,-0.9994133,0.12014539,-0.09681053,-0.103576794,-0.13308202,-0.045217954,0.045641925,-0.25635862,CUST0042,0.01645566,0,Month_5
-0.089090556,0.12989569,0.137505,0.54716235,0.7595191,0.20574224,-0.057261776,0.53175944,0.080239624,0.027879972,0.7560236,0.34559107,0.1107403,0.34215215,-0.6843146,-0.6567592,0.16034374,-0.055851206,-0.10936869,-0.14050868,-0.022252318,-0.0047987374,-0.1793511,CUST0043,0.97788733,1,Missed_Payments
-0.97663754,-0.6560405,-0.04636182,-0.3377103,-0.029048953,-0.24978526,-0.1819345,0.0046535963,0.23821378,0.0615179,0.14928217,0.1350447,0.30563653,-0.8160169,-1.405485,-0.25802398,-0.05306686,-0.040990688,-0.041544605,0.3771627,-0.14769389,-0.0040475507,-0.43528175,CUST0044,0.059866153,0,Month_5
-1.8861299,0.07242378,0.033086114,-0.025376003,-0.29734167,-0.2372462,-0.0009066062,0.33149242,-0.18076418,-0.070744626,0.3570727,-2.196071,0.12366618,0.14808945,0.2605702,-0.15078452,-0.0973095,-0.058721166,0.23122828,-0.26246315,-0.216026,-0.028546145,0.045262475,CUST0045,0.07934431,0,Month_2
0.82255566,-0.34322357,0.025448505,0.3098027,0.08830526,0.032355748,0.21130201,0.49465027,0.22825505,0.067904145,0.25927874,0.32319298,-0.35765675,-0.82610923,0.3224702,0.5109133,-0.03317935,-0.07215833,0.6185347,0.44938767,-0.05364604,-0.0031229458,-0.25263166,CUST0046,0.9887589,1,Month_4
-1.2132854,0.0808124,-0.7607465,0.14871415,-0.119457744,-0.38557065,-0.42617133,0.2012256,-0.03532768,-0.0040266733,-0.37080556,-1.7950068,0.17740235,0.19519775,-0.90455914,-0.21664535,-0.12433904,-0.080342636,-0.13504936,-0.08629726,-0.030973833,-0.005106327,-0.37354773,CUST0047,0.009857104,0,Month_2
-0.8762071,-0.09070268,-0.028415171,-0.17022292,0.0039024008,-0.17378744,-0.016527755,-0.32153782,-0.40692505,-0.3259444,-0.092805065,0.21174297,0.2021884,-1.3239092,0.41038805,0.24752925,-0.026263481,-0.05043335,-0.07470593,-0.32641676,-0.18925571,-0.028272351,0.12975623,CUST0048,0.15941653,0,Month_4
-0.49533406,-0.9005716,-0.32394457,-1.7031738,0.06788465,-0.77150726,-0.084207825,-1.3450767,-0.4965168,-0.018219136,-0.583699,0.16769098,0.22136101,0.059910055,-1.3414904,-0.41485417,0.08076708,-0.05176659,-0.17390555,-0.2822482,-0.21283859,-0.024558034,0.16907886,CUST0049,0.0011092415,0,Credit_Utilization
-0.9561648,-0.08963223,-0.37239674,-2.0568368,-0.14915694,-0.5427431,-0.17678009,-0.35722286,-0.028526066,0.03382864,-0.26079103,-1.3139408,-0.72689587,0.17042685,0.25795522,-0.5381482,-0.10238191,-0.07994528,-0.088485986,0.43472195,-0.08988735,-0.004991492,-0.09700193,CUST0050,0.00414894,0,Credit_Utilization
0.35428208,-0.12646396,-1.1281121,-2.8326614,-1.5695635,-0.29877144,-0.2796395,0.21549326,0.0027466323,-0.013944638,-0.5291057,-0.015953448,0.15722175,0.31351706,-0.034621865,0.28295758,-0.04375956,-0.08782713,-0.11646954,0.13209307,-0.060515754,-0.0033765011,-0.38241145,CUST0051,0.012001622,0,Credit_Utilization
-0.86637664,-0.053615987,-0.37206763,-0.25254995,-0.10817464,-0.18506435,-0.016992107,0.14316271,0.16749103,0.05888179,-0.34057942,-1.897697,0.15222852,0.16986033,-1.0144653,0.40732998,-0.15042585,-0.03386224,-0.011175918,-0.10595488,-0.08891906,0.04707261,-0.32787433,CUST0052,0.046286248,0,Month_2
-0.73413455,0.07807643,-0.011476697,-0.0832229,-0.15900376,-0.37187433,-0.22302613,-0.02482613,0.004084746,0.05170566,-0.21184118,-1.7825993,0.12390719,-0.032633826,0.47496173,-0.91908187,-0.082093544,-0.070316605,-0.09676317,-0.11199747,-0.044315375,-0.0059781154,0.0018504164,CUST0053,0.070676155,0,Month_2
-0.14435211,-0.0139790755,-0.5249287,-0.20959586,-0.43263406,-0.17796354,0.06965207,0.022217233,-0.016600277,0.030186243,-0.16253185,-1.4685717,0.24835633,0.006529714,0.2953915,-0.48042673,-0.11700959,-0.034458175,-0.036796898,-0.076032236,-0.13895258,0.047577545,-0.38549885,CUST0054,0.11443978,0,Month_2
-1.6848364,-0.4073456,-0.18685827,-0.13826278,-0.002086336,-0.8496539,-0.18907611,0.39582303,-0.2720678,-0.23980132,-0.7801789,0.3538818,0.29546285,0.1415306,0.29953575,-0.25828218,0.055238407,-0.08270468,-0.08858257,-0.2940365,-0.25509685,-0.028238555,-0.14560562,CUST0055,0.06256197,0,Age
-1.5131694,-0.23655605,-0.019733645,-0.53516597,-0.15502715,-0.28943616,-0.12950528,-0.123982295,-0.7005754,-0.19728729,0.14522165,0.19549488,0.22201185,0.252723,0.18466781,-0.19133745,0.074556574,-0.08058282,-0.16343538,0.2761832,-0.052437257,-0.0031412584,-0.363521,CUST0056,0.14807409,0,Age
-1.4552711,-0.89793545,0.07013513,-0.49961427,-0.1772414,-0.053047866,-0.09985342,-0.3979103,-0.049915764,-0.020117031,-0.011718708,0.18417558,0.19140133,0.22991854,-2.0606842,0.65361965,-0.031295512,-0.050044004,-0.16892405,-0.36890775,-0.21188465,-0.028272351,0.06902231,CUST0057,0.028467389,0,Month_5
-0.04457914,0.037744727,-0.6080851,-0.22138095,0.16883676,-0.3159809,-0.086452976,-0.36047283,0.25560662,-0.027711622,-0.325499,-1.1644019,-0.86540675,-0.36168203,-0.015238754,0.28572777,-0.07901248,-0.0738818,-0.15891819,-0.21279742,-0.09081317,-0.022407386,0.6278218,CUST0058,0.11870671,0,Month_2
-1.7377849,-0.31716567,-0.20074013,-0.01316751,-0.11622408,-0.1604589,-0.47672227,-0.1134823,0.2816429,0.046972573,-0.43411547,-1.0997729,-0.6307028,-0.7030061,0.08466851,-0.7659048,0.12695643,-0.22827035,-0.12243031,-0.2152263,0.15676765,-0.003590854,-0.36317846,CUST0059,0.00472248,0,Age
-0.72863555,0.10887791,-0.031890605,-0.43589798,-0.017852452,-0.25047094,-0.03257825,-0.26457676,0.17300788,0.061958656,-0.08074451,0.2740198,-0.8152969,0.29004332,-1.7318066,0.57452154,-0.028158609,-0.056357227,-0.1460459,-0.2811288,0.3353379,-0.0035341037,-0.28800425,CUST0060,0.15174711,0,Month_5
0.029336486,0.1360848,0.0043063723,-0.06545688,0.46040222,0.13020168,0.0985865,0.6844553,0.08153561,-0.008813165,0.5177883,-0.5574552,0.14140514,-0.4658913,-0.5738919,0.3363332,-0.081164435,-0.046732634,0.475939,-0.18414845,-0.08917861,-0.021402035,0.7952814,CUST0061,0.96928394,1,Credit_Card_Type_Student
0.051419653,-0.12764505,0.1306977,-0.027005624,-0.11823831,-0.32076263,-0.45696816,0.29217926,0.02131004,0.0011030427,-0.18896368,-1.5800416,0.17121133,-0.070194446,-1.1635455,-0.6978972,-0.10674424,-0.07091748,-0.073247276,0.47417054,-0.085954845,-0.0034795213,-0.41164008,CUST0062,0.06256713,0,Month_2
-0.37888572,0.05875056,-0.09038267,-0.18507136,0.3799223,-0.27416703,0.057210743,-0.9584482,0.08093183,-0.013908225,-0.45853922,0.2938054,0.28344676,0.17094378,0.12653895,0.6033058,0.12296605,-0.094449416,-0.13697629,-0.2799236,-0.15903813,-0.024558034,0.013281874,CUST0063,0.6880471,0,Account_Tenure
-0.8135647,-0.10258231,-0.0916792,-0.47854972,-0.16480881,-0.32027766,-0.17507981,0.29728362,0.523599,0.10386917,-0.30841455,-0.96392953,-0.73449767,-0.31621617,0.27857158,-0.4963934,-0.046152305,0.25055736,-0.09921505,-0.23613793,0.2922111,-0.003807897,-0.2549046,CUST0064,0.09922449,0,Month_2
-0.29869854,-0.70164704,0.46734425,-1.4460877,0.0051956554,0.06940904,-0.03891672,-0.1370781,-0.11009463,-0.056984313,0.39408016,-1.3066202,0.06832019,0.13663149,0.2511858,-0.22647986,-0.13705061,-0.04554086,0.28118593,0.2318057,-0.022312928,-0.0033967393,-0.24917944,CUST0065,0.22781664,0,Credit_Utilization
-1.5060823,-0.07823537,-0.57276577,-0.46072257,0.18358141,-0.40093574,0.006813584,0.11806628,0.13150227,0.111356065,-0.56583124,0.066079035,-0.98673743,-0.42145577,0.0171363,-0.81695396,-0.022432575,-0.08903492,-0.17830531,-0.29367453,-0.16980177,-0.026793715,0.10181694,CUST0066,0.014786235,0,Age
-1.3530167,-0.09210274,-0.040992886,-0.124455065,-0.106436275,-0.06297796,-0.06645634,0.37518308,-0.59289,-0.3028674,0.22013016,0.10654559,0.32328826,-1.7586312,0.16450462,0.30797538,0.12067405,-0.15573841,-0.111448064,-0.20605762,-0.04380696,-0.0047987374,-0.37229642,CUST0067,0.106936455,0,Month_4
0.36208898,-0.120644726,-0.28057787,-1.7014112,0.08839639,-0.26233467,-0.47573486,0.33023643,-0.062098764,0.008540541,-0.28679168,-1.7213414,0.13421848,0.16022314,-0.06131664,-0.475763,-0.08716327,-0.06344792,-0.08004807,-0.10293441,-0.045078643,-0.005106327,-0.2146236,CUST0068,0.035281926,0,Month_2
-0.77171946,-0.17603381,-0.17616771,-0.12619682,-0.0707407,-0.5717775,0.44167164,-0.3667405,0.10151894,0.044466317,-0.6250795,0.15409827,-1.070592,0.18966801,0.057638597,-1.2014996,-0.022721592,-0.08141134,-0.10887531,-0.3200161,-0.19137493,-0.031800725,-0.25304225,CUST0069,0.028679375,0,Month_6
-0.25793543,-0.22249192,-0.81821805,-0.23407885,-1.0133842,-0.09807565,-0.33272573,-0.5498367,0.04827043,-0.004842013,-0.2405134,-1.3868996,-0.010719637,0.0051785307,0.34806702,-0.7740583,-0.068337746,0.11655811,-0.13952939,0.46530825,-0.078099646,-0.004991492,-0.15631841,CUST0070,0.022900587,0,Month_2
1.1388066,0.51913184,-0.009790768,0.23313059,-0.76945925,0.13266338,-0.014219035,0.31919435,0.14306264,0.007210251,0.44488847,0.24481076,0.16728991,-0.494455,0.3938862,0.027558964,-0.023000801,-0.060251668,-0.042689893,-0.10476009,-0.11403449,-0.022606881,0.4947103,CUST0071,0.98614734,1,Age
-0.97238547,-0.058027502,-0.34982833,-0.33042997,-0.15567242,-0.31532064,-0.12100187,-1.0985625,-0.33187556,0.040975347,-0.424109,0.39802653,0.21082285,-1.5852354,0.22924657,0.26930645,-0.041832022,-0.04717055,0.35533988,-0.24730237,-0.16782023,-0.026135255,0.36772344,CUST0072,0.060255185,0,Month_4
-0.21202998,-0.17827837,-0.021224564,-0.36594117,-0.06013222,-0.35931,-0.19095725,-0.80868316,0.17490265,0.024563445,-0.25967598,0.20222309,-1.2998811,-0.06943604,0.11612689,-1.0130776,-0.028289707,-0.13374591,-0.2279441,-0.301396,0.24726829,-0.0035250126,-0.17470561,CUST0073,0.035953917,0,Month_3
-0.6064812,-0.46093342,-0.07415098,-0.63894045,-0.34550092,-0.27294943,-1.1259347,0.0679669,-0.047954325,0.010938323,0.024259303,0.3187847,-1.4659531,0.20827219,0.2685018,-0.8722436,-0.0719145,0.103193775,-0.036378086,-0.09536487,-0.14972639,-0.006546144,-0.057018075,CUST0074,0.024799405,0,Month_3
-0.2744654,-0.08948519,-0.62097013,0.025966117,-0.06945665,-0.25197232,0.06688908,-1.1190686,-1.2434171,-0.42679706,0.22252023,0.46163088,0.06265765,-1.4574194,0.38589177,-0.070197955,-0.04988317,-0.10582577,-0.18463755,-0.16977742,0.24615155,-0.0038425901,-0.30298632,CUST0075,0.035085697,0,Month_4
-0.24186501,-0.19900845,-0.35516512,-2.4784455,-1.0403408,-0.2971958,-0.2530924,0.010001749,0.08605995,0.018654201,-0.18602856,-0.83868223,0.059866264,-0.638919,0.069418706,0.256695,0.27728185,-0.079025604,0.010318965,-0.12703447,0.25332078,-0.003908431,-0.2901674,CUST0076,0.012957841,0,Credit_Utilization
-1.1108302,0.03250791,-0.029979674,0.0045525236,-0.8915825,-0.5012118,-0.45253408,-0.13489231,-0.088771746,-0.009812275,-0.06728502,-1.3843035,-0.0045906524,0.06393917,-0.5756428,-0.891723,-0.074471265,-0.07303125,-0.14644858,-0.23022632,-0.08431434,-0.022880673,0.6486367,CUST0077,0.012485213,0,Month_2
0.19346721,-0.66399246,-0.3587511,-2.9026341,0.024374157,-0.35136265,-0.03945388,-0.08709806,-0.8620515,-0.005360147,-0.57818645,0.26161852,0.22692256,0.2813323,0.29729813,0.17170957,-0.041886512,-0.06267162,0.16805536,-0.09969497,0.15885624,-0.0032500103,-0.20418443,CUST0078,0.056110002,0,Credit_Utilization
-1.3246053,-0.14439918,0.09519446,-0.79375803,-0.1440797,-0.24573377,0.07796717,0.31516188,-0.35959607,-0.07781752,0.42057827,-2.0015197,0.11325228,0.27165535,0.38481772,-0.23375641,-0.12518635,-0.058578067,-0.13300212,-0.2756885,-0.121853836,-0.005800834,-0.02666035,CUST0079,0.0607018,0,Month_2
-1.8512478,-0.048291694,0.01767966,-0.5158601,-0.1554573,-0.09675224,0.10950706,0.29232496,-0.56723124,-0.013956502,-0.32179525,0.45859835,0.19879767,0.20151596,0.24291268,-0.17607902,-0.032229435,-0.07565569,-0.26853785,-0.15867205,0.12474359,-0.0031331156,-0.43033975,CUST0080,0.19546075,0,Age
0.1481733,-0.2569337,-0.6956692,-1.7277533,-0.11998369,-0.17209715,-0.013457097,-0.055440746,-0.08607155,-0.048834927,-0.14645433,0.2809277,0.20782316,0.16945042,0.2339875,0.20234194,0.090506464,-0.06803548,-0.18284704,-0.14624797,-0.045852236,-0.004976019,-0.19629699,CUST0081,0.27299276,0,Credit_Utilization
-0.93969256,-0.45131436,0.15275261,0.18860358,-0.051944245,-0.6105038,0.10817766,-0.4653541,0.099731274,-0.044418342,-0.39285585,0.17530482,-1.1706823,-0.026083041,0.3664476,-0.18387428,0.06742866,-0.11416399,-0.2054228,-0.20656914,0.27502257,-0.00318273,-0.23887081,CUST0082,0.117407314,0,Month_3
-0.041853573,-0.13028055,-0.24095365,0.26819575,-0.1589894,-0.38554156,0.0581532,-0.63140166,-0.054338917,0.0060515986,0.119609915,-1.5551955,0.05681518,0.2236816,-1.0521814,-0.5900056,-0.08044728,-0.03932769,0.29300195,-0.08095579,-0.07445576,-0.0052836086,-0.2535513,CUST0083,0.06326872,0,Month_2
-0.53626734,-0.19869839,-0.90560275,-0.0077042216,0.06393963,0.018246235,-0.6010863,-0.7152132,0.30584818,-0.0351751,-0.25041354,0.3144249,-1.5773607,0.3401107,-0.045332942,-0.08535976,0.1007957,-0.058764413,-0.28897992,-0.16108173,0.271823,-0.0036484876,-0.25369945,CUST0084,0.065684505,0,Month_3
0.40558067,-0.16733931,-0.9818107,0.17840682,-0.0025908859,-0.38337782,-0.5069457,0.16011661,-0.36354792,-0.088764034,0.3958508,-2.6131418,0.09032296,0.048348222,0.075389735,0.20287389,-0.16809456,-0.04520535,-0.08909912,-0.036803752,0.22442637,-0.004412258,-0.4602236,CUST0085,0.07757283,0,Month_2
-0.48154283,-0.39432794,0.11241983,-0.040967584,-0.12163545,-0.017049242,-0.20925406,-0.41022322,0.20640032,-0.110572495,0.0029323562,-1.667187,0.20959386,0.096202575,-1.2074307,0.35418513,-0.16790918,-0.026278839,-0.0010352387,0.67100435,-0.08958226,-0.004991492,-0.21916518,CUST0086,0.13445094,0,Month_2
1.1477836,0.17929077,0.06902358,0.016901685,-0.015087614,0.51635027,0.072479695,0.4804194,-0.014598245,0.04566158,0.51748574,-1.2638386,0.15577973,0.26698524,0.35661143,-0.5166318,-0.13893418,-0.07207589,0.4418895,-0.14605902,-0.06742329,-0.0052836086,-0.16353571,CUST0087,0.97118,1,Month_2
-0.70567405,-0.22463107,0.030422892,-0.22098586,0.18884377,-0.082880855,-0.06594476,-0.9680543,-0.75910765,-0.05878639,-0.056197662,0.06491301,0.25873366,0.3832355,-1.7794018,0.3842592,0.1064503,-0.04357272,-0.23625952,-0.29810768,-0.1124281,-0.005961216,-0.0074013085,CUST0088,0.07213898,0,Month_5
0.28847265,-0.091580994,-0.06436871,-0.20155458,-0.067575976,-0.1620268,-0.70316845,-0.820614,0.32830617,0.08961231,0.059894063,0.18538168,-1.223693,0.33044434,-1.1082783,0.5350772,0.08868608,-0.03327808,-0.1412759,-0.27444264,-0.09914019,-0.005666048,-0.12509945,CUST0089,0.17341146,0,Month_3
-1.0250916,-0.17325749,-0.28105608,-2.1160789,-0.20419851,-0.35052714,-0.23490606,-0.4508289,0.025278037,0.009410376,0.12696047,0.1528303,0.27361402,-1.3798491,-1.3530874,0.22217195,-0.055402637,-0.12376058,-0.09501463,-0.32709178,-0.058096148,0.04763687,-0.27481008,CUST0090,0.0024951512,0,Credit_Utilization
-0.26620534,-0.26134145,0.047369644,-0.6451604,-0.1142816,0.047812797,0.00060269015,-1.0961508,-0.80756027,-0.21187375,-0.05915272,0.23999637,0.24530062,0.21279337,0.55772835,-0.07024802,-0.027021082,-0.051016785,-0.26619393,-0.31677756,0.40525973,-0.0038425901,-0.14737175,CUST0091,0.28229922,0,Account_Tenure
-0.5881789,-0.8062098,-0.4236428,-2.5788717,-1.5477095,-0.18251702,-0.053241257,0.20725448,-0.055786084,-0.12118116,-0.3232827,0.1928653,0.112759784,0.13522975,0.24579965,-0.27768767,-0.021391718,-0.036052935,-0.050951973,-0.06480757,-0.09434012,-0.0057043214,0.052888554,CUST0092,0.009655642,0,Credit_Utilization
-1.3705184,-0.79525065,-0.2382952,-0.33117136,-0.8352376,-0.4991123,-0.62179303,-0.3837352,0.03264901,0.02607195,-0.41750523,0.06932079,-0.7852282,-0.12665573,-1.607275,0.5151353,0.10671055,-0.055482056,-0.14181472,-0.09556701,-0.12165218,0.05166363,-0.15098736,CUST0093,0.00219039,0,Month_5
-0.33930427,0.09245585,-0.024632258,-0.40359038,-0.087959886,-0.30825585,-0.103013255,-1.0044186,-0.69982445,-0.05473993,-0.143913,0.18979706,-1.4247704,-0.0797863,0.39608192,-0.08987635,-0.028075542,-0.0561963,-0.29429317,0.72331953,-0.105001606,-0.0035130787,-0.2022146,CUST0094,0.0833654,0,Month_3
-0.59299105,-0.68294215,-0.22094668,-0.28565627,-0.18965225,-0.2625447,-0.22482987,0.01578547,0.082515925,-0.09197362,-0.588593,0.22871552,-0.73523057,-1.2883196,-0.9314979,0.44203922,-0.052593663,-0.17549187,0.15401836,-0.14544165,-0.042637482,-0.0051267096,-0.21838658,CUST0095,0.015405077,0,Month_4
0.06197388,-0.6744344,-0.7018389,-0.38749605,-0.23562996,-0.34232908,-0.3459696,-0.6610585,0.11239359,-0.018039145,0.005811272,0.026121395,-0.7096576,0.18977812,-1.5806776,-0.9612172,0.12011634,-0.039363388,-0.19933115,-0.20212835,-0.06830425,-0.004976019,-0.29360703,CUST0096,0.005191047,0,Month_5
-0.384159,-0.26243785,-0.14535776,-0.4161037,0.1796201,-0.2710913,-0.7695504,-0.41999322,-0.42912403,0.016600592,0.06524791,0.30561712,-1.3603487,-1.069153,0.2194221,0.11031985,-0.0478449,0.18772575,-0.10783565,-0.25848866,-0.124947675,0.050423812,-0.16783392,CUST0097,0.030917,0,Month_3
-0.6015375,0.17508186,-0.90846145,-2.0131028,-0.25490406,0.290188,-0.6137648,-0.30423832,-0.106118776,-0.035492066,-0.30309847,0.35007477,0.24268962,0.22996734,-0.8178832,0.2949573,-0.08117033,-0.0303195,0.22587451,-0.06484304,0.33614254,-0.0045675184,-0.2726541,CUST0098,0.06831086,0,Credit_Utilization
-0.008483491,0.13225047,0.21409746,0.57876366,0.03932843,0.027877372,0.20619468,-0.48484272,0.33065698,0.08774786,-0.11210267,0.45604378,0.32058835,-0.94235665,0.40765914,-0.099941336,-0.025727198,-0.06328777,0.01032326,0.6916922,-0.028953241,-0.0035130787,-0.21086285,CUST0099,0.959975,1,Month_4
-0.6206203,-0.8615092,0.011695368,0.28454053,0.0322937,-0.21573444,-0.35801432,-0.16745912,-0.08535728,0.0079312585,-0.14599225,-1.7050046,-0.8955871,0.14864129,-0.010073898,-0.30525744,0.22503433,-0.06602855,-0.09796137,-0.1989806,-0.0901352,-0.0049207876,-0.08626932,CUST0100,0.027908463,0,Month_2
-1.1818234,0.14598301,-0.28025538,0.33228007,-0.09221877,-0.33657822,0.11271191,-0.17718847,-0.002286167,0.019126762,0.48455715,0.25695664,-1.586146,0.3514862,-0.07472299,-1.0149043,-0.102567606,-0.06231885,-0.27563757,-0.05474295,0.09515493,-0.0032165262,-0.27886948,CUST0101,0.11195044,0,Month_3
-0.9387999,-0.103126734,-0.027446399,0.09026278,-0.1861568,0.062634,0.0284542,0.31804794,0.4181489,-0.09521718,-0.14232546,-0.7493107,-0.5011717,-0.78894997,-0.41378072,0.3715438,-0.13547218,0.3568247,-0.12535854,0.48860896,-0.04588157,-0.0034795213,-0.40809786,CUST0102,0.29404858,0,Age
0.04319462,0.21092774,0.15114506,0.23396431,0.1501804,-0.05119191,0.44784692,-0.7573768,0.48007175,0.08531186,0.015312012,-0.8268676,0.21352209,0.18695804,-0.6136513,0.6085281,0.5721203,-0.02536273,-0.031644464,-0.31276336,-0.2054032,-0.026952151,0.30075824,CUST0103,0.9243432,1,Month_2
-0.058972497,-0.08107562,0.08522593,-0.02399642,0.084024034,-0.7035482,0.040793747,-1.0352252,0.33795378,0.040146943,-0.3728369,0.16581528,0.15913458,0.20097777,-1.3645425,-1.0211742,-0.030727416,-0.056738295,-0.079004474,-0.5413577,-0.22155602,-0.024656616,0.21167623,CUST0104,0.06689368,0,Month_5
-0.3049587,0.11852418,-0.4161198,0.29403192,-0.20473142,0.09653529,-1.1537259,-0.5055283,0.013230006,0.02711694,-0.19479227,0.3059409,-1.5015558,-0.17442039,0.30227956,0.047681455,-0.10724078,0.10967834,-0.16373564,0.21035305,-0.10074934,-0.0041552247,-0.31996,CUST0105,0.12216857,0,Month_3
-0.21544205,-0.13484982,-0.36049396,-0.29805848,-1.1597028,-0.12459292,-0.07327002,-0.47888106,0.30249768,-0.0317357,-0.012187613,0.1106252,0.0330079,-0.69652855,-0.98946553,-0.65696096,0.10992317,-0.067455925,-0.0024098563,-0.20101604,-0.11416876,0.04976842,-0.27802485,CUST0106,0.025701376,0,Missed_Payments
-0.026167361,0.035625998,-1.3390019,-0.19750635,0.061725203,-0.333091,-0.12077006,0.047563095,-0.6382221,-0.3679606,-0.0019707847,0.50594825,0.19364198,0.29438138,-0.030392412,0.24199721,-0.0724575,-0.03888032,-0.21788445,0.124606915,-0.055097006,-0.0031229458,-0.44414234,CUST0107,0.3258693,0,Credit_Score
-0.11438777,-0.09446971,-0.76340646,0.039302107,0.19732717,-0.55555993,-0.076648325,-1.2371594,0.1380207,0.005164067,-0.41330248,-1.6673807,0.097655214,-0.10323681,0.270061,-0.8009402,-0.12955083,0.1610052,-0.10645358,0.459127,-0.06397332,-0.004592544,-0.24210694,CUST0108,0.033853985,0,Month_2
-0.568825,-1.0004318,-0.5114334,-0.6385113,-1.0515685,-0.08737391,-0.22032082,-0.040204827,0.020164207,0.025101155,-0.59472895,0.22216347,0.17731541,0.17669731,-1.5828577,-0.4942552,-0.02774147,-0.05283345,-0.034712605,0.010754136,-0.10645887,0.051617503,-0.123121575,CUST0109,0.008184325,0,Month_5
-0.29178396,-0.13477558,-0.3144908,-2.2277067,-0.13194904,-0.22858045,-0.116720736,-0.77316886,0.11462377,0.04979916,-0.22670832,-2.1252062,0.20677094,0.31265208,0.17354581,0.48534852,-0.14768416,-0.091541134,-0.07058301,-0.13077782,-0.04982912,0.050900355,-0.09429983,CUST0110,0.01617601,0,Credit_Utilization
-0.74489725,-0.30417156,-0.22927456,-2.311523,-0.139013,-0.6790318,-0.005229223,-0.4411887,0.16956598,0.0339644,-0.33873826,-1.8280799,0.1825967,0.13537563,0.15600543,-0.20860453,-0.12138398,0.17816149,-0.04975237,-0.058311947,0.38133517,-0.0050048376,-0.20432073,CUST0111,0.00834865,0,Credit_Utilization
-0.079027526,-0.64178085,-0.94824547,-0.07130027,-0.10484398,0.1223102,0.038704224,-0.59201604,0.32165545,-0.14705734,-0.08601182,-2.097771,0.20245719,0.14448312,0.07796809,0.1745902,-0.16291255,0.08898386,-0.010527922,0.010202711,0.3189074,-0.0046872604,-0.33021548,CUST0112,0.106987745,0,Month_2
-0.28380936,0.30030993,0.22949132,0.71813554,0.27679536,0.2861591,0.027716823,-0.31239396,0.43297434,0.076195486,-0.06430853,0.429984,0.21275103,0.35229144,-1.2753749,0.6030351,-0.032291137,-0.0371287,-0.069689736,-0.2057863,-0.054838903,0.05357562,-0.0012522445,CUST0113,0.96500033,1,Month_5
-1.4121493,0.06934803,-0.43979552,-2.5332568,0.036192745,-0.4822969,0.21492998,0.3275762,-0.27303454,-0.2500656,0.3750315,0.22910653,0.17725982,0.24736392,0.2116476,0.33763096,-0.02995338,-0.032542128,-0.12734896,-0.20266673,-0.19175647,-0.026793715,-0.14677052,CUST0114,0.09380013,0,Credit_Utilization
-0.25394014,0.063621454,-0.6037743,-0.09985066,0.25287738,0.021480855,-0.740179,-1.2020115,0.23702657,0.020016197,0.15810421,0.1422829,-0.974221,0.18929581,-1.0450523,-0.12641941,-0.077261895,0.04299169,-0.19837318,-0.4274203,-0.2537007,-0.025381543,0.3061057,CUST0115,0.05023348,0,Account_Tenure
-0.7601642,0.05064737,0.1085308,-0.4661602,-0.1420682,-0.28195974,-0.15174372,0.06652258,0.20742257,-0.01963207,-0.047380425,0.1861138,0.15897729,0.29086077,-1.9917195,-0.43528837,0.072722636,-0.03900248,-0.09932048,0.6611936,-0.13556859,-0.0035402062,-0.28738144,CUST0116,0.19723122,0,Month_5
-0.082064465,-0.8515053,-0.01808218,-0.11671025,-0.14622878,-0.115788236,-0.041053336,-0.1725693,0.21072032,0.049885504,-0.38156927,0.1471211,-0.56013626,-0.9399695,-1.1820698,-0.3957202,-0.04368951,-0.07474515,0.0708464,-0.16111137,-0.073779754,-0.0051267096,-0.18978412,CUST0117,0.031710606,1,Month_5
-0.4551503,-0.35331324,-0.27310455,-3.2321575,-0.018259348,-0.055006325,-0.06534258,0.17748971,-0.07556422,-0.2191934,-0.3293404,0.30496937,0.21421544,0.3269464,0.4648019,-0.2949654,-0.023303626,-0.04137317,-0.07029864,0.3360169,-0.10307805,-0.0035218932,-0.12078387,CUST0118,0.0949132,0,Credit_Utilization
0.25174916,0.09056354,0.1667603,0.16807425,0.09096067,-0.15393323,0.3171798,0.407298,0.11574838,0.062026598,0.86397123,0.26449308,0.4519675,-0.6659756,0.18758667,-0.41066584,-0.030587131,-0.07727041,-0.04393854,0.52834105,-0.0636478,-0.0031229458,-0.28792247,CUST0119,0.97984433,1,Month_1
-0.70893204,0.00044583983,-0.051372036,-0.03403227,0.054570753,-0.00306238,0.10400184,-0.19265375,0.14702612,0.028242603,-0.024299346,-1.9735694,0.04991868,0.22594516,0.40906087,-0.823237,-0.08550255,-0.047789995,-0.07325814,-0.2384551,-0.09977385,-0.005800834,0.039221425,CUST0120,0.16123663,0,Month_2
-1.5806848,0.37863943,-0.27030146,0.021928594,-0.25509197,-0.055727687,-0.6418361,-0.15510885,0.17296429,-0.0031884618,-0.34624836,0.19799155,-1.4108621,-0.0670953,0.11351751,-1.1459643,-0.07637043,-0.06618887,-0.3486467,-0.15433317,-0.047117222,0.043867838,-0.33476105,CUST0121,0.012414873,0,Age
-1.2606024,0.13516009,-0.6015553,-0.2384952,-0.12805153,-0.0069735344,-0.17299366,0.036433376,-0.22739638,0.07579267,-0.38371322,0.22009248,0.25966552,0.24053943,-1.5638248,0.5415714,-0.03270611,-0.03288842,-0.1583943,-0.2639178,-0.18778785,-0.028272351,0.16214061,CUST0122,0.123258494,0,Month_5
-0.070680134,-0.17446144,0.12177185,0.13271427,0.069305785,0.0023433827,0.43670705,-0.21317798,0.2722263,0.06613691,0.597322,0.5732687,-0.6557847,-0.3403935,0.52374905,-0.4482391,-0.030726947,-0.06435016,-0.04940893,0.89546615,-0.085619345,-0.0037464625,-0.1283171,CUST0123,0.95607513,1,Credit_Card_Type_Gold
0.50775373,0.14090309,0.12299553,-0.47015244,-0.057705678,-0.1444246,0.15961267,0.19027062,-0.5001898,-0.4164363,-0.1397677,0.4243593,0.13347876,0.2653612,0.4535341,-0.017156655,-0.02432388,0.1274852,-0.19221221,-0.2416529,-0.069884025,-0.0048325337,-0.17625038,CUST0124,0.8487736,0,Age
0.5539,0.18591535,0.039806407,0.20706199,0.45950964,-0.033958077,0.14611487,-0.46501145,0.17034428,0.041854896,0.49482372,0.38134107,0.13820739,0.10385773,-0.92359275,-0.3897472,-0.03799606,-0.03892126,-0.019304601,-0.2432043,0.4105886,-0.003441602,-0.22110221,CUST0125,0.931585,1,Month_5
0.80086374,-0.100535005,-0.20947912,0.004768539,0.015817614,-0.06820513,0.10806836,-0.09746902,-0.05854112,-0.00878247,0.61359465,0.48052004,-0.9077122,0.4860078,0.583101,0.008109009,-0.037787084,-0.04699742,-0.049256448,0.43934253,-0.061669312,-0.0035130787,-0.18166986,CUST0126,0.96652234,1,Month_3
-0.7957173,-0.008704742,0.08831278,-0.382849,-0.032462057,-0.04304836,0.12840953,0.30697492,-0.07661643,-0.24611431,-0.27271938,0.36314383,0.16323353,-1.3362998,0.20554611,0.36115676,-0.027499093,-0.042525332,-0.063246325,-0.3239597,-0.16539927,-0.028389247,0.195016,CUST0127,0.40624547,0,Month_4
0.18509462,-0.08890292,-0.026356965,0.1597923,0.30000955,-0.30429527,-0.14180201,-1.2945126,0.16919358,0.061478063,0.35854962,0.1759948,0.014095379,-1.4089569,-1.0658729,-0.1696285,-0.042164117,-0.07907567,-0.073418096,-0.3572477,-0.09027243,0.04763687,-0.20939451,CUST0128,0.09745677,0,Month_4
0.83984977,0.74916595,0.13630147,-0.12560126,-0.015352572,0.8137374,0.042869657,0.25994915,0.37362617,0.11204511,-0.098588094,0.18305531,0.17177014,-0.1642259,-0.74371696,-0.7164019,0.25882062,-0.10689506,-0.046512913,0.7364665,-0.03846322,-0.0032112002,-0.29456165,CUST0129,0.9816279,1,Age
-0.4718342,-0.14248835,-0.4908993,-0.12560649,-0.048555464,0.19527014,-0.1473057,-0.34338322,0.090101145,0.035596862,0.4278701,0.23920363,-0.95567274,-0.77623504,0.045092635,-0.6498583,-0.027937654,0.1827635,-0.16611347,0.26577118,-0.05315194,-0.0032057278,-0.3589322,CUST0130,0.16448048,0,Month_3
0.12325671,-0.2888006,0.0529088,-1.0907817,-0.22550817,-0.17427891,0.05629972,0.3741845,-0.57068557,-0.05473213,0.21729334,0.33296004,0.25128508,0.13987646,-2.0870447,-0.1632251,-0.02825769,-0.042510122,-0.19925551,-0.35242948,-0.107820794,-0.0049494286,-0.3348203,CUST0131,0.07427613,0,Month_5
-0.7773138,-0.8870766,-0.07957249,0.06590587,-0.06998293,-0.055308122,0.007793452,-0.26698688,0.18560103,0.042351387,-0.11135547,0.17096715,-0.849994,0.2616501,-2.1529095,0.6656334,-0.026464676,-0.06512168,-0.16563971,-0.22828895,0.3174407,-0.0035341037,-0.2379261,CUST0132,0.06876077,0,Month_5
-0.8090898,-0.11088557,0.07989934,-0.6258439,-0.25460705,-0.6686799,-0.026949862,-0.13886452,0.23107556,0.018020047,-0.3725404,0.15170772,-0.7412725,0.28869087,-1.8154509,-0.13280587,0.06804274,-0.07789344,-0.04923648,-0.29013565,0.52130324,-0.0037440078,-0.28529787,CUST0133,0.03259967,0,Month_5
-0.6803351,-0.02918118,0.045946304,-0.1248348,0.42075437,-0.48501265,-0.16547889,-0.3926639,0.18754888,0.009319402,-0.4317499,0.107034236,0.26333517,-0.615224,-1.1486759,-0.36937943,-0.030277342,0.30315027,0.034836017,-0.2955996,-0.1201536,0.05357562,-0.074897856,CUST0134,0.13196275,1,Month_5
-0.90132517,-0.88397515,-0.081913926,0.06331889,-0.09529207,-0.52635396,-0.041729014,-0.23364802,0.19658457,-0.13222674,-0.5297279,0.22828582,0.14491351,0.038603052,-1.7202762,-0.44472706,-0.026596319,-0.066176176,-0.0679474,-0.2702976,-0.21626607,-0.031800725,0.0833617,CUST0135,0.020613825,0,Month_5
0.38908324,0.03150178,-0.73876697,-2.316545,-0.014921267,-0.4023058,-0.52981836,0.13121857,0.10570456,-0.034406938,0.15375729,-0.027482305,-0.9584759,-0.79004455,-1.0523432,-0.04909482,-0.042619504,-0.07105408,-0.101170845,-0.18528852,-0.10677426,0.04586484,-0.4215004,CUST0136,0.0048148064,0,Credit_Utilization
0.4835029,-0.14829418,-0.76495653,-2.467341,-0.071100906,-0.7579489,0.003297846,0.2758647,0.0477086,-0.043953296,-0.35065824,-1.029885,0.15824468,-0.6772306,0.29046178,0.076490015,-0.14073795,-0.050570913,0.18681976,0.3017054,-0.030423453,-0.0034795213,-0.42671168,CUST0137,0.029743584,0,Credit_Utilization
-0.9064125,0.271874,-0.12964621,0.1459075,0.06754906,-0.26678175,-0.8244879,-0.46539846,0.40506724,0.1024698,-0.23727852,0.16670364,-1.3119037,-0.93505925,-0.04598285,0.43265393,-0.08574979,-0.15237734,-0.18365769,0.6114171,-0.051785108,-0.0041552247,-0.35847542,CUST0138,0.10897434,0,Month_3
-0.7096218,0.091908514,-0.045553926,0.103148825,-0.19736625,0.07238463,0.049334012,-0.5058829,-0.26214325,-0.005524722,-0.16877308,0.5890452,0.27699664,0.5664088,0.3126738,0.7109044,-0.04133591,-0.079600245,0.8144858,-0.13847129,0.22082727,-0.0035250126,-0.28229943,CUST0139,0.9535701,1,Employment_Status_Unemployed
-0.18116787,-0.111897334,-0.22708447,0.45941004,0.11138881,0.07238181,-0.003967102,-1.8291312,-1.4548603,-0.19335243,0.17377445,0.56960547,0.30525044,0.25624344,0.0773747,-0.017527081,-0.04992365,-0.025334816,-0.25412264,-0.30784568,-0.19771591,-0.024656616,-0.020935472,CUST0140,0.22796379,0,Account_Tenure
-0.47683486,-1.2869415,-0.06260243,-0.03461971,0.016229631,0.2739364,-0.61791325,0.063573025,-0.12383968,0.01312415,0.11036365,0.15473656,-1.6468343,0.038086053,-1.4878862,0.29573,-0.043836858,0.08030079,-0.11545067,-0.1379421,-0.1256252,-0.0051805875,-0.1891418,CUST0141,0.025226286,0,Month_3
0.4952477,-1.348401,-0.030378785,0.27956808,-0.09107962,-0.64665174,-0.24447338,0.3217045,0.09787291,0.07024372,-0.68170553,0.0076613813,-0.644277,0.16530555,-1.6195613,-0.45523554,-0.035534516,-0.08914957,-0.14340207,-0.17971252,-0.12554607,-0.021128245,0.24015526,CUST0142,0.04634323,0,Month_5
0.45383495,-0.16512938,-0.66923904,-0.5340023,-0.07558817,-0.30674413,-0.1723434,-0.38250464,-0.47292057,-0.35708147,0.07978309,0.08168562,0.028378407,-1.572635,0.4610617,-0.09397982,-0.03264446,-0.088012524,0.30026403,0.4088982,-0.072190806,-0.0033226227,-0.46134388,CUST0143,0.12009542,0,Month_4
0.3098851,-0.1605814,-0.020463776,0.530201,-0.036773697,-0.0016169869,0.160665,-0.22984119,-0.19939482,-0.009043259,0.44589993,0.4118262,-0.8296543,0.20794804,0.42822683,0.5118848,-0.036173146,-0.044929944,0.8779788,-0.14749567,-0.053218946,-0.0050098146,-0.12302918,CUST0144,0.97445756,1,Employment_Status_Unemployed
-0.039669387,-0.030747725,0.032246523,-1.4296997,0.010675632,-0.73128784,-0.33549273,0.30442035,-0.22570717,0.023454934,-0.040760692,-1.5281004,0.12427707,-0.80969036,-0.13306913,0.044607803,-0.111385316,-0.049129322,0.11355704,-0.28221744,-0.096876845,-0.021402035,0.691787,CUST0145,0.0538621,0,Month_2
-0.047624152,-0.8707673,0.042301774,-0.2440989,-0.012942222,0.01885215,-0.3589177,-0.5142844,0.13785152,0.027920866,-0.31189704,0.3112964,0.34913763,0.15197721,0.29017326,-1.1013211,0.07110442,-0.052811164,-0.07424399,-0.18407844,-0.1249995,-0.021094445,0.16401458,CUST0146,0.33176747,0,Month_6
-0.108125985,-0.9987888,0.025536824,0.052903123,-1.2996564,0.0901528,-0.113352224,-0.5749869,-5.6815275e-05,-0.2932727,-0.08111706,0.14575043,0.13229455,-1.3102255,0.14500855,0.2795668,-0.028513867,-0.07978877,-0.006034458,-0.077361435,-0.07383776,-0.0050098146,-0.17556308,CUST0147,0.06295989,0,Month_4
0.751283,0.21355286,-0.37911215,0.04210285,-0.045299616,0.29753447,0.04019914,0.0643352,0.13336155,0.022636076,-0.0266826,0.3792854,-0.7268956,0.33639625,0.14090423,0.036140002,-0.028474448,0.2558579,-0.117116146,0.3207493,-0.029263826,-0.0032057278,-0.28343022,CUST0148,0.95474386,1,Age
-0.62058127,-1.1523442,-0.030512618,-0.66613406,-0.03869559,-0.44687903,0.073472634,0.08112495,-1.1352776,-0.42776364,0.27198625,0.49333224,0.20103677,0.22365244,0.15750353,0.06083283,-0.045078482,-0.039766703,-0.110722035,-0.25225195,-0.17620663,-0.028389247,-0.06507583,CUST0149,0.117275305,0,Income
0.29297468,-1.1934543,-0.9624374,-0.22681957,0.04781944,-0.20155853,-0.43899173,0.18644962,-0.4019849,-0.3806984,-0.54605097,0.32889226,0.20319793,0.21156871,0.36122194,-0.22843707,-0.044515647,-0.051556297,-0.11991881,0.014445002,-0.07418989,-0.0048325337,-0.22168025,CUST0150,0.14230116,0,Income
0.43424764,-1.1636366,-0.8990515,-0.38259327,-0.06414468,0.0072781662,-0.27868465,0.20019129,0.04405696,0.014162262,0.5038779,0.07877038,0.013422952,-0.67505884,0.24068229,-0.6391264,-0.072459325,-0.12222009,-0.027181681,0.0614449,-0.0769314,-0.0032057278,-0.314291,CUST0151,0.18752053,0,Income
-1.5917157,-0.19112875,-0.07598627,-0.1738689,-0.07061706,-0.35162926,0.09543448,-0.32166928,-0.30869392,-0.09045902,0.02417606,-2.2749941,0.12800996,0.3441049,0.37944767,-0.14035428,-0.118136406,-0.061349064,0.49964115,-0.15716396,-0.024282917,-0.005106327,-0.31508505,CUST0152,0.04120261,1,Month_2
-1.0226051,-0.738272,-0.74160564,-1.6776022,-0.22828154,-0.06479337,-0.79300815,-0.45193386,0.18889368,-0.018248107,0.056684997,0.07622691,-0.9453822,-0.0080890795,-0.9372449,-0.6259463,-0.074747585,-0.02171806,0.2759753,-0.102517724,-0.16187298,-0.0067847264,-0.08467356,CUST0153,0.001572841,0,Credit_Utilization
-1.9304966,-0.09157034,-0.08948357,-0.23246208,-0.07301975,-0.21058737,-0.5341699,-0.0730595,-0.06512396,0.0074489196,0.15674993,-1.6589935,-0.99315125,0.09110913,-0.10359125,-0.6733308,-0.06355506,-0.040876426,0.36597404,-0.22992657,-0.24557593,-0.030014874,0.10449383,CUST0154,0.0069712587,0,Age
-0.7697819,-0.061390616,-0.83863986,0.13184601,-0.16073588,0.008223033,-0.08677085,0.105103195,0.4653795,0.043598514,-0.083301224,-1.6774365,-0.6428127,0.13204324,-0.022433486,-0.042471386,-0.04523974,-0.05378049,-0.12696184,0.24394989,-0.078196764,-0.003795687,-0.26075074,CUST0155,0.10246716,0,Month_2
-1.550422,-0.07120499,-0.2499935,-1.2627264,0.18922444,-0.21069077,0.11455247,0.29874015,0.17603238,0.021531742,-0.19665946,-1.2663691,0.14089008,0.07481424,-0.70109165,-0.5275516,-0.096853256,-0.055678774,-0.08017968,-0.33146292,-0.22977978,-0.042567365,0.16993143,CUST0156,0.017407967,0,Age
-0.06175894,0.055056144,-0.6160763,0.088990405,0.15812552,-0.22684719,-0.040485006,0.4135989,0.02596303,-0.011253867,0.8231499,0.20254834,0.19150285,0.3602682,0.11746823,-0.92130107,-0.032675844,-0.05959091,-0.1674986,-0.093151964,-0.0741232,0.04368175,-0.21006301,CUST0157,0.83476436,0,Month_6
0.16060878,-0.40185684,0.2070622,0.5444248,-0.057729315,-0.1734237,0.044726077,0.27265078,0.04533691,0.06829382,1.0287347,0.38016436,0.1710825,0.32296327,-0.8006649,-0.5698307,0.16608772,-0.060110815,-0.049970143,-0.019632168,-0.04633817,0.045698706,-0.14024562,CUST0158,0.94225734,1,Month_1
-0.9665127,-1.3438085,-0.96437687,-0.108015105,0.15279561,-0.34847614,0.08285346,0.24656503,-0.5410022,-0.03683807,-0.4175177,0.1907165,0.18181862,-0.049145512,-1.3684124,0.43840584,-0.075986,0.11451053,-0.09002437,0.16395468,-0.09348987,-0.0034391112,-0.30473658,CUST0159,0.02971575,0,Month_5
0.42406976,-0.9107659,-0.07387155,-0.36673617,0.023086317,-0.4076527,-0.041340545,-0.61999255,-0.17300694,-0.019580409,0.20158675,0.23873648,-1.2752849,0.011370624,0.0814186,0.3781001,-0.042002663,-0.036725767,-0.31335154,-0.18454874,-0.057768844,-0.0048325337,-0.06153067,CUST0160,0.17130949,0,Month_3
-0.34499124,-0.30195752,-0.38838673,-0.049713273,0.056250114,-0.17814867,-0.032852408,-1.5000801,-0.722637,-0.040037155,-0.0511361,0.06567156,-1.2407666,-0.11456244,0.3159962,-0.059374824,-0.031611633,-0.035825603,-0.24515125,-0.2357384,-0.21771027,-0.024656616,0.27969864,CUST0161,0.030964058,0,Account_Tenure
-2.24092,-0.37015644,-0.09789537,-0.025945721,-0.256877,-0.31979176,-0.36241314,-0.15172243,0.098316975,0.019373715,-0.28718796,-1.3140296,-0.6727699,0.11284642,0.19234543,-0.2775996,0.24292248,-0.08609455,-0.08964972,-0.35544544,-0.18947335,-0.028360607,-0.12863743,CUST0162,0.0071397326,0,Age
-0.85097396,-0.09835607,-0.18169634,0.2424611,-0.078464575,-0.10951485,-0.64572513,-0.19863382,0.048430152,0.0202761,-0.2290481,-2.1669524,0.22276852,0.09177651,-0.0012434376,-0.2648389,0.47061318,-0.050553337,-0.034453478,0.40405223,-0.116477005,-0.0039452943,-0.27773017,CUST0163,0.10395994,0,Month_2
-0.116805956,0.01757647,0.315237,0.049060166,0.12106407,0.11283192,0.0064766733,0.35243487,0.22656319,0.03795838,-0.047578115,-1.1865233,0.29124194,-0.2666781,0.43750346,0.43585625,0.47510925,-0.018213306,-0.09027735,0.778289,-0.04957697,-0.0035273656,-0.17349422,CUST0164,0.9663911,1,Month_2
-0.012681832,-0.60267705,-0.15485214,-0.10150346,-1.3408175,0.040435005,-0.2981003,-0.5948553,0.12437759,0.027877206,-0.1356203,0.05513471,-0.008048982,-0.815881,-1.8285204,-0.24458832,-0.019671284,-0.09887582,0.0738121,-0.2534833,-0.09314383,0.04963387,-0.2068486,CUST0165,0.008287788,0,Month_5
0.2653641,-0.13042079,-0.094997086,-0.15605539,-1.0876464,-0.44259807,-0.45681193,-0.39568666,-0.095609084,0.020483732,-0.2674116,-1.2468206,0.030275706,0.04818507,0.052726205,-0.7289295,-0.07632113,0.22104143,-0.09021304,-0.15901138,0.16378401,-0.0034903195,-0.2617026,CUST0166,0.037774455,0,Month_2
-0.9339201,-1.2317716,-0.84910566,0.2319841,0.06178174,-0.39508903,-0.10213818,-0.29902878,0.0489547,0.077734485,0.39609772,0.2967623,-1.3076876,-0.49147728,0.033886038,0.22762617,-0.08818302,-0.096950255,-0.13964145,0.075375326,-0.06642711,-0.0037464625,-0.27102667,CUST0167,0.040243153,0,Month_3
-1.7545731,-0.025510458,-0.109300636,0.38420346,-0.92221725,-0.4358226,0.1308863,0.09806596,0.02934657,0.017671965,0.3237042,0.15910183,-0.715113,-1.0318409,0.14431924,-0.0025295725,-0.028610403,-0.12244635,-0.20832224,-0.089234605,0.12887697,-0.0032165262,-0.43926662,CUST0168,0.056381524,0,Age
0.11526152,-1.3958341,-0.9350253,0.43055147,-0.16203624,-0.1939979,-0.49916783,-0.37483436,0.1775824,0.007968201,0.22590956,0.11156895,-1.0274403,-0.067293294,-1.6268806,-0.35735223,0.1559636,-0.056671456,-0.12436768,0.21308279,-0.1168846,-0.0034144963,-0.2971456,CUST0169,0.015577789,0,Month_5
0.14992687,-0.020196335,0.15833367,-0.12826326,-0.00054761796,-0.7276357,-0.33938217,-0.2738558,-0.4915457,-0.0770855,-0.106962256,-2.3152516,0.1858768,0.171436,-0.09303066,0.26056266,-0.1471543,-0.054841444,-0.11154143,-0.15917583,-0.04540052,-0.005106327,-0.22845834,CUST0170,0.060366806,0,Month_2
-0.2590221,0.027160913,0.20084262,0.182077,0.15734841,0.15492365,0.049404748,-0.40873212,0.43254858,0.1364069,-0.078265846,0.33843207,0.240034,-0.81001407,0.33791697,0.692383,-0.049655102,0.45805648,-0.023272468,0.0030607437,-0.07796451,-0.0062675015,0.008543741,CUST0171,0.96643704,1,Month_4
-0.9652393,-0.15258007,-0.13236745,0.09763277,-0.26744163,-0.16061701,-0.79934704,-0.4639797,0.017544627,0.06358384,-0.3143809,0.24418418,0.32927948,-1.2630434,0.18398312,-0.21992813,-0.0829194,0.31559917,-0.042523418,-0.20998572,-0.09015968,0.04842681,-0.20987782,CUST0172,0.08166722,0,Month_4
0.48837087,0.07236872,0.067949146,-2.4682577,-0.023107339,-0.23979133,0.05836077,-0.22716266,-0.10170382,-0.03487764,0.3846859,0.18282808,-0.9612676,0.01474384,0.3010632,-0.09381666,-0.036833487,-0.057484213,-0.20592792,-0.08663879,-0.03415599,0.04368175,-0.21153031,CUST0173,0.18030927,0,Credit_Utilization
0.12568007,0.19235608,-0.04826101,0.6944395,-0.04981332,0.44710833,0.1714252,-0.15019858,0.25246403,0.09796364,0.4571153,0.3156351,0.37416235,-0.33473873,-0.9420314,-0.3454077,-0.029713914,-0.063956566,0.03345058,0.0046758284,0.52219254,-0.0038425901,-0.21802564,CUST0174,0.95918083,1,Month_5
0.37959966,-0.25588155,-0.49903423,-2.5402079,-0.5520958,-0.2813507,-0.55891746,-0.30566862,-0.059355155,0.02770415,-0.20426098,-1.223272,-0.33767325,0.14503545,0.06929532,-0.19618389,-0.07090423,-0.055205,-0.07323756,0.2806259,-0.08315327,-0.0046753264,-0.24170521,CUST0175,0.006784718,0,Credit_Utilization
0.57038194,-0.4865899,-0.14425677,0.1868036,-0.17425427,-0.17655414,-0.32574955,-2.0384634,0.102929406,0.045153882,0.34203473,-0.9443997,0.058311645,-0.4000612,-0.9024493,-0.20485269,-0.10981845,0.18248032,-0.04681,-0.32257622,-0.20955797,-0.0272975,0.20087922,CUST0176,0.040292256,0,Account_Tenure
-0.38541362,0.2150775,-0.89287734,0.34207729,-0.15160753,-0.41027212,0.04835607,-0.50812954,0.19389798,-0.025995012,-0.32752535,0.21992856,-0.87595713,-0.20048736,-1.504581,-0.3335668,-0.029301586,0.23983465,-0.14343202,-0.1583927,-0.1275696,0.04963387,-0.20453341,CUST0177,0.035006505,0,Month_5
0.24573177,0.027233958,0.12219861,-0.30780572,-0.16718623,-0.12750866,-0.718315,-1.4980513,-0.8383462,-0.42313376,0.032657295,0.24152069,0.18584813,0.21323459,0.21195875,0.41438702,-0.08305703,0.086209856,-0.21872924,-0.3670634,-0.18644695,-0.025381543,0.089157246,CUST0178,0.19206657,0,Account_Tenure
-0.53959584,-0.108569175,-0.14949475,0.1363677,-0.08620511,-0.121049345,-0.29084235,-0.9826471,0.19317482,0.020173714,-0.23200081,0.31438342,-1.3674141,0.25912505,0.1641785,-1.4097618,-0.0312805,-0.06001813,-0.2618986,-0.38428545,-0.1437278,-0.026135255,-0.07911847,CUST0179,0.028404525,0,Month_6
-0.98607355,-0.0283145,0.08060748,-0.04248916,-0.03691315,-0.87087864,-0.11959773,-0.24379511,0.31267545,0.042613313,-0.30318668,0.11504394,0.22969101,0.2345882,-1.6646955,-1.0759809,0.08974168,-0.06524254,-0.06775597,0.55277395,-0.15362087,-0.0036478802,-0.20456038,CUST0180,0.07210669,0,Month_5
-0.6354617,-0.20329866,-0.031966045,-0.486226,-0.11726728,-0.38910195,0.11666783,-0.44545156,0.27923223,0.05482784,-0.061946973,-2.0193324,0.06336005,-0.95343286,0.25039986,-0.2849962,0.26783553,-0.07285116,-0.022189459,-0.3222587,0.22269428,-0.0037824456,-0.2806022,CUST0181,0.03164864,0,Month_2
0.2665793,0.2103715,0.25594792,-0.06969084,-0.008756538,0.018971398,0.0021392112,-0.33580998,0.46919423,0.090013266,0.054835316,0.303721,0.26012185,-1.0518056,-1.352304,0.40847072,-0.032247253,-0.02275359,0.008612682,0.8516983,-0.09485763,-0.0035130787,-0.36515588,CUST0182,0.8202483,0,Month_5
0.6662103,-0.29398787,0.03967824,0.059398152,0.08087007,-0.57608294,-0.17757113,-1.0029649,0.21076597,0.025694259,-0.2703467,-0.99991816,0.039127864,-0.6662581,0.2007398,-0.7689723,0.2045966,-0.17883697,-0.0025683988,-0.27302307,-0.12936398,0.052135278,-0.18478292,CUST0183,0.09185327,0,Account_Tenure
-0.5604737,-0.20681699,-0.1534105,0.02309614,-0.23721214,0.045387454,-0.21437782,-0.6462673,0.06947357,-0.025984304,-0.15404531,0.28933614,0.11543095,-0.9067971,0.22113521,-1.0352596,-0.021068286,-0.058136325,0.011234946,-0.3507087,-0.22136368,-0.031800725,-0.049737055,CUST0184,0.079869844,0,Month_6
0.5654983,-0.082343884,-0.6733471,-0.11040058,-0.06535496,-0.27741882,0.06927612,0.030989911,-0.15839754,-0.39492893,0.09395426,0.23943058,0.020498775,-1.3898752,0.110950805,-0.058546074,-0.031755887,-0.13560274,-0.121177346,0.25511327,-0.06750049,-0.0032057278,-0.47928426,CUST0185,0.26714057,0,Month_4
-1.1014911,-0.35518086,-0.40902072,-0.23844606,-0.0017813427,-0.44620678,-0.1573786,-0.77149105,-0.49407825,-0.0175116,0.3514404,0.4685899,-1.380313,0.3948391,0.17682016,0.2867096,-0.049638823,0.09068487,-0.23877867,0.38797367,-0.086961254,-0.0038292445,-0.101613514,CUST0186,0.114821136,0,Month_3
-1.1222821,-1.3748766,-0.20553362,-0.25116175,0.25562787,-0.4037477,-0.0014017937,-0.666884,-0.56925106,-0.13337888,-0.43244913,0.1981503,-1.5683053,-0.04387229,-0.08003555,0.42793575,0.11348698,-0.08460056,-0.40933648,0.307383,-0.03358555,-0.0033317143,-0.2931134,CUST0187,0.008833634,0,Month_3
0.16039036,0.35790956,0.8410479,-0.61022365,-0.006861396,0.8193397,0.06426021,0.100841805,0.11313018,-0.03652121,-0.30781338,0.40467098,0.2553152,0.35685298,0.5164573,-0.09462378,-0.025391389,-0.053334396,-0.067228064,-0.08178418,-0.013508661,0.04567875,-0.18971172,CUST0188,0.9852717,1,Credit_Score
-0.27432564,-0.97138333,-0.074306205,0.14238103,0.019557538,-0.387689,0.005081799,0.2783833,-0.16970308,-0.013724878,0.703351,0.11560582,0.31163874,0.3603295,-2.1747434,-0.26182523,0.08006122,-0.04682449,-0.10653582,-0.1811985,0.37043467,-0.0030993193,-0.32905152,CUST0189,0.27821445,0,Month_5
-0.36501962,0.13415796,-0.46558964,-2.929285,-1.6802756,-0.17382397,-0.30950212,-0.6382274,-0.45851564,-0.029829793,-0.3208759,0.32650822,0.08882753,0.36154187,0.2752269,-0.25043127,-0.022463283,-0.05013839,-0.1836621,0.31344604,-0.07883738,-0.0038292445,-0.14628753,CUST0190,0.007015219,0,Credit_Utilization
0.31637037,0.15029727,-0.1494211,-0.21574882,-0.10024124,-0.017948525,0.09600676,-0.09843905,0.058029648,0.017013596,0.036992315,0.52299726,0.28065357,0.45602986,0.29104197,0.6292886,-0.03866602,0.22197771,-0.15006562,-0.14192571,-0.036537826,0.04567875,-0.2041103,CUST0191,0.9740053,1,Month_6
-0.4971682,-0.28073123,-0.3078909,0.052375395,0.09037948,-0.06975244,-0.4984575,-0.81606597,0.12041532,0.047038265,-0.09280622,-2.149961,0.120064944,-0.45876378,0.2340131,-0.1958232,-0.069827154,-0.06604746,-0.068767816,-0.15226707,-0.14655188,-0.025818862,0.2511667,CUST0192,0.034656506,0,Month_2
-0.4406643,-0.16427977,-0.014246469,1.006606,-0.19362424,-0.19376673,-0.30531356,0.33198944,-0.14217223,0.04085417,0.7812344,0.54465824,0.3117349,0.140245,-1.1124858,-0.70146716,-0.053992886,0.2175518,-0.05848577,-0.050766468,-0.07235127,-0.0051267096,-0.11780558,CUST0193,0.80259216,0,Month_5
-0.7886965,-0.77424383,-0.09303499,0.0378285,0.6738124,0.16881195,-0.37185693,0.3547567,0.17496267,0.0298978,-0.5224964,0.14793603,-0.716267,-0.7282817,-0.49801156,-0.36046654,-0.042271055,-0.09838162,-0.19017193,-0.23179781,-0.026076121,0.04368175,-0.3317974,CUST0194,0.0767097,0,Age
-0.33031735,0.84738606,0.29090616,0.21011764,0.11304429,0.0033248633,0.09058759,0.47987193,0.22468941,0.044221528,-0.0021238504,-1.4031202,-0.23064956,0.2894528,0.56151766,0.0034116006,-0.028824195,-0.043160763,-0.00068498345,-0.087007195,-0.063903384,-0.005800834,0.04859606,CUST0195,0.9349771,1,Month_2
-0.16799572,0.23662755,-1.1896088,-0.33920732,-0.0063445116,-0.050671652,-0.68085873,0.08120762,0.12509646,0.023302557,-0.19321452,0.19652283,-1.3037972,0.2573706,0.014153878,-1.0118933,0.08699771,-0.05470851,-0.20091712,0.19828734,-0.102997445,-0.0032480583,-0.32385948,CUST0196,0.059776388,0,Month_3
0.0212048,0.024176007,0.09146996,-0.08782754,-1.9904152,-0.099559724,-0.30510843,-0.6832445,0.30591705,0.03960798,0.034050416,-0.044010993,0.23211983,-0.6571157,0.06637819,-0.6246035,0.06499988,-0.024875501,-0.029448358,0.40871835,-0.13287213,-0.0034144963,-0.2383648,CUST0197,0.12153545,0,Missed_Payments
-0.46552238,-0.4309853,-0.23450835,-0.22507223,-0.2895282,-0.43557492,-0.17875396,-0.97381514,-0.34393314,0.021263333,0.09601861,-2.3477242,-0.51524967,0.09395693,0.2964204,0.3504371,-0.10603842,-0.039094355,0.87774354,-0.13724002,-0.044401705,0.050900355,-0.065837815,CUST0198,0.032537296,1,Month_2
0.06672615,-0.9233927,-0.10760538,-0.010555884,-0.10969078,-0.5524497,0.03588733,0.13595544,0.04923199,0.033275723,-0.67623013,0.22431214,0.12963949,0.1267873,-1.833359,-1.0462888,-0.04551433,-0.13179946,-0.044734254,-0.20653974,-0.065820105,-0.0051267096,-0.16765702,CUST0199,0.030157512,0,Month_5
-0.9119011,-0.49910647,-0.023856888,-0.48047525,-1.0262095,-0.9982261,-0.15584649,-0.27871296,-0.16222304,-0.03868463,-0.56031424,0.070600316,-0.4745447,-0.08458334,0.4073043,-0.1487638,0.07320318,-0.07986122,-0.15314515,0.40334836,-0.077513725,-0.0031719315,-0.23937175,CUST0200,0.022143759,0,Missed_Payments
0.4989613,-0.81929696,-0.05723054,-0.10841913,-0.9844744,-0.21345215,-0.12914114,-0.29604664,0.025102396,0.014857251,-0.0011612235,0.03474888,0.04567856,0.23670706,-1.4205441,0.6063516,-0.040250726,-0.049033742,-0.11625848,-0.1301261,-0.12544362,-0.022777654,0.5810348,CUST0201,0.30662054,0,Month_5
-0.70289737,0.018241707,-0.34950066,0.15187645,0.20624325,-0.46158752,-0.26953304,-0.7545628,0.4558536,0.12897524,-0.25405422,-1.1423825,-0.70506847,-0.043232355,0.13658789,-0.43217513,-0.08359805,-0.15192446,-0.077735834,-0.14785588,0.31549606,-0.004921427,-0.27265766,CUST0202,0.058076423,0,Month_2
-1.0447279,0.17075872,-0.74552983,0.15411487,-1.4386939,0.01794184,-0.4122072,0.14036714,0.10630617,-0.03745295,-0.5569644,0.20946494,0.017756443,0.30227825,-1.0072762,-0.39510143,-0.04918106,-0.09144923,-0.10457444,-0.08737073,0.19068366,-0.003333421,-0.36962402,CUST0203,0.032940216,0,Missed_Payments
-0.046012945,0.21244867,0.102355264,0.3487895,-0.14520408,-0.6603862,-0.10487946,-0.25217366,0.20396288,0.096327744,-0.5113269,0.16059141,0.14716485,-0.67915255,-1.1266989,-0.7409435,-0.030402625,-0.10908474,-0.04765368,0.7215549,-0.08959501,-0.0035130787,-0.33123666,CUST0204,0.22603789,0,Month_5
-0.15993905,0.05532918,-0.22817129,-0.18957405,0.07930026,-0.31411368,-0.33506048,-0.0193011,-0.25058103,-0.06960091,-0.20958808,-2.3715696,0.12853552,0.3261943,-0.034448665,0.32349148,-0.1408705,-0.05062937,0.14127906,-0.100739315,-0.07266027,-0.005106327,-0.25778344,CUST0205,0.10896483,0,Month_2
0.69372636,0.18259628,0.14981055,0.6169967,0.16091312,0.019890206,0.044602476,-0.33175766,0.14213248,0.04272018,0.14361542,0.42478293,-0.91224205,0.3897689,-0.7013813,0.43675175,0.1374699,-0.036314767,-0.2374455,0.79619,-0.061301846,-0.0033317143,-0.24242559,CUST0206,0.97097135,1,Month_3
0.8033906,-0.7311146,-0.09217048,-0.19351089,-0.046725865,-0.6423146,-0.31920636,0.09682838,0.09457259,0.043227132,-0.112576954,-1.9503033,-0.4737241,0.21725479,0.016694348,-0.12143043,-0.07548919,-0.037006803,-0.14203969,-0.114774376,-0.09132066,-0.005106327,-0.15268649,CUST0207,0.08507702,0,Month_2
-1.0608301,-0.19321854,0.12367627,0.25696883,-0.1836743,-0.037830412,-0.15059888,-0.06587348,-0.19899508,0.016940221,-0.011946393,-2.4262424,0.24868788,0.0029140958,-0.038182814,0.3273901,-0.12622124,0.10084877,-0.120095044,-0.22924551,-0.18198387,-0.028546145,0.101377286,CUST0208,0.0979307,0,Month_2
-0.7511475,-0.188644,-0.15667057,-1.5540284,0.08711731,-0.17093647,-0.26902813,-0.3116004,0.19459066,-0.021950446,0.19785568,0.07484587,-0.77893555,-0.99307173,-0.87844455,0.16004255,-0.06434461,-0.106554665,-0.1232799,-0.3470037,-0.08874802,-0.0062675015,-0.23945047,CUST0209,0.009180911,0,Credit_Utilization
0.023522506,-1.020389,0.012329351,-0.25818396,0.4568474,-0.010065373,-0.04566275,0.030708909,0.12244966,0.050860696,0.2747429,0.362978,0.33213553,-0.5425979,-1.2869407,-0.21768394,-0.030316949,-0.01555162,-0.043721873,0.37435117,-0.08641571,-0.0031229458,-0.32411653,CUST0210,0.45274296,0,Month_5
-1.3972361,-0.9387567,-0.16818173,-0.030208426,-0.73036766,-0.40788132,-0.05863891,-0.24650034,-0.12583376,0.016711043,-0.24205063,0.1211377,-0.5642083,-0.9420438,0.18768007,0.26324803,-0.02731562,-0.055852126,-0.24384288,-0.1835849,-0.08846088,-0.022606881,0.4686876,CUST0211,0.022712655,0,Age
-1.4728686,0.05019174,-0.06336588,-0.14268431,-0.20601878,-0.5440615,0.0001907919,-0.5705385,0.15837722,0.021289155,-0.48511344,0.19684203,-1.5976387,-0.05039072,-0.020819498,-1.1120437,0.09268116,-0.15098247,-0.25065392,-0.21526022,-0.048393697,0.04952645,-0.13675505,CUST0212,0.007812077,0,Month_3
-1.1174946,-0.9083038,-0.0069234334,0.46487874,-0.03737081,-1.1140854,-0.08034168,-0.05823125,-0.10458772,-0.022976898,-0.6244986,0.17838071,0.18773659,0.08499675,-2.0391052,0.5156388,-0.03921644,0.13696149,-0.14198497,-0.21387671,0.32436228,-0.003450693,-0.25364274,CUST0213,0.038461097,0,Month_5
-0.006903645,-0.38990667,-0.7123449,-0.021715451,-0.21713747,-0.23276387,-0.19678465,-0.2574882,0.032734293,0.025337268,-0.7297142,0.3567184,0.21454449,0.1532923,0.154568,-1.3943225,-0.035554394,-0.06783586,0.042800944,0.36090216,-0.05977816,-0.0035130787,-0.23012586,CUST0214,0.17354023,0,Month_6
-0.48943856,-0.23514362,-0.36353663,-2.1569116,0.080601595,-0.261964,-0.29419985,-0.7261454,-0.36571762,-0.07698351,0.062769584,-2.212403,0.11435278,0.05552842,0.27435502,0.21168451,-0.1564778,-0.029160451,0.4778042,0.35767323,-0.080895975,-0.0049087093,-0.21411721,CUST0215,0.012382804,0,Month_2
0.18034871,-0.27273518,-0.5805475,-0.40932006,-1.7206419,-0.251399,-0.07216077,-0.019253893,-0.4401376,-0.020249832,-0.080467016,0.2774089,0.026234075,0.007523417,0.08562185,-0.9985215,-0.028337326,0.14789912,-0.09294145,0.11714499,-0.057966497,-0.0032057278,-0.31541404,CUST0216,0.053815823,0,Missed_Payments
-1.1388502,-0.42764145,0.12420614,0.12400987,-0.23984689,-0.40671575,-0.16971238,-0.29418784,-0.15614025,0.095532574,0.27648926,-1.1473516,0.22157535,-0.030922186,-0.96721685,-0.5691924,-0.056191843,-0.056005225,-0.08146198,-0.21160705,-0.20515805,-0.028546145,0.1656235,CUST0217,0.028607488,0,Month_2
-0.89980716,-0.039781403,0.024416085,0.04956843,-0.13345224,-0.39139026,-0.16092114,-0.63125336,0.25840378,0.035368197,0.43911827,0.13210252,0.13866751,0.016222766,-1.5325537,-0.9087319,0.087186754,-0.057072785,-0.13048175,-0.28177494,-0.13232596,0.0554652,-0.028388124,CUST0218,0.0803821,0,Month_5
0.020851977,-0.3454712,-0.60607356,-0.10164865,0.06570608,-0.1862305,-0.13271871,-0.61478114,0.026142655,0.032139618,0.22105607,0.45799986,0.14735177,-0.8488606,0.31961218,-0.6654563,-0.032141957,-0.076657,-0.007514502,-0.14883167,-0.13048895,-0.0053652916,-0.18461953,CUST0219,0.24199915,0,Month_4
-0.24473363,-0.6577344,-0.747109,-0.27121937,0.3251218,-0.2754027,-0.20228446,-0.848771,0.32535487,0.06447216,0.2100091,-0.85966164,-0.000671381,-0.38049614,-0.93307996,-0.48528492,-0.04996675,0.11743308,-0.134379,-0.17833216,-0.11245013,0.054842103,-0.11032725,CUST0220,0.023193365,0,Month_5
0.48812565,-0.05721113,-0.7928465,0.16737019,-0.14484784,-0.29268357,0.11467909,0.055485003,0.12547375,0.034436934,-0.37282845,-1.6793381,0.029046832,0.15813181,-0.82611847,-0.15390897,-0.07310926,-0.052160054,-0.118965045,-0.15676768,-0.1254663,-0.023886023,0.47075194,CUST0221,0.17187627,0,Month_2
0.93527806,0.18120413,0.08214716,0.34312358,0.1125868,0.12969765,0.15835093,-0.44880208,0.29190716,0.043373313,0.0029772944,0.35252327,-0.4839974,-0.7123541,0.515496,0.024923183,-0.025887806,-0.059099652,-0.12278005,0.70758253,-0.052208137,-0.0034302967,-0.23541522,CUST0222,0.96743613,1,Age
-1.4854773,-0.69218326,-0.08114688,-0.12820235,-0.20470363,-0.19834067,-0.46121597,-0.33711636,0.044100236,-0.1294679,-0.3740935,0.53585494,0.13930897,0.28779715,0.37020707,-0.308106,-0.0417505,-0.088822536,0.24536826,-0.13634114,0.22045952,-0.003441602,-0.2927597,CUST0223,0.18757807,0,Age
0.46698207,-0.3815752,-0.039119262,0.34029278,-0.9340993,-0.61555874,-0.23734888,-0.62486154,0.011622766,0.0414049,0.09375272,-0.85694396,0.11203565,0.20131639,-0.9146144,0.4602588,-0.13267642,0.10074388,-0.07031689,0.34416467,-0.13432959,-0.0049482486,-0.41016084,CUST0224,0.17803328,0,Missed_Payments
0.084622264,-0.0030916973,0.033194713,0.090634994,0.14146969,-0.22495878,0.043528393,-0.017800359,-0.021521349,0.007994391,-0.3912147,0.36447114,0.25041115,0.44454452,0.23123673,-1.2024099,-0.037396997,-0.09782307,0.36028448,-0.21245901,-0.04145634,-0.0048325337,-0.14473225,CUST0225,0.78700155,0,Month_6
0.042243157,0.17009196,0.31468508,-2.301399,-1.6028732,-0.12876523,-0.26098558,0.18657354,-0.007912289,-0.04511422,-0.45234016,0.30318415,0.15157665,0.34418774,0.081054375,-0.1165305,-0.020077595,-0.0725632,-0.078055255,-0.06764331,0.27817413,-0.0032165262,-0.26560318,CUST0226,0.13044155,0,Credit_Utilization
-0.4559098,-1.1390551,-0.34830073,-0.41496056,0.12021177,0.15545036,0.23035313,-0.22825325,0.09561672,0.13242741,-0.1794582,0.06368337,-0.81266665,-0.83142716,0.4197134,-0.63517886,-0.027685093,-0.042873967,0.43881688,0.3329341,-0.028126443,-0.0034391112,-0.21096447,CUST0227,0.15253638,0,Income
-1.213457,0.24320836,-0.41920733,-0.12741505,-0.58869076,-0.1418882,-0.13715416,0.09755822,0.41176698,0.0056488733,-0.15763564,-0.6550867,-0.40962318,0.103227675,-0.5568301,-0.14274521,-0.12998614,0.20156452,-0.22346647,-0.026084812,0.19269818,-0.0049590473,-0.39476153,CUST0228,0.08173004,0,Age
0.4017154,-0.12138428,-0.27323604,-0.4413569,0.021088623,-0.55785567,-0.6123883,-0.67665213,0.2860576,0.047140107,-0.3521697,0.240056,0.2253055,0.20399928,-1.2533717,-0.98794365,-0.037600726,-0.12753776,-0.0906051,-0.30312055,-0.19721718,0.050423812,-0.19780183,CUST0229,0.04309875,0,Month_5
0.60186845,0.35056752,0.19715461,0.18914166,0.36866295,0.6136948,-0.16108266,0.5943266,0.24061763,-0.031082809,-0.19245766,-0.77004945,0.12384228,0.1609929,-0.74803233,0.5689461,-0.16068138,-0.04676898,-0.0037355488,-0.2366662,-0.09656803,-0.021402035,0.68055725,CUST0230,0.97968936,1,Month_2
-0.67504275,0.046791986,0.021528259,0.23773383,0.012703026,-0.7375928,-0.35057202,-0.08164199,-0.19253166,-0.0036011478,-0.46522185,0.29243624,-1.3462892,0.41881248,0.09443678,0.19461314,-0.035968095,0.12664926,-0.18758579,0.34452152,-0.08808415,-0.0031229458,-0.25847983,CUST0231,0.27264225,0,Month_3
0.30645275,-0.18399931,0.101737455,0.80959797,0.02905523,0.18618912,0.10402605,0.22560982,-0.17771237,-0.20423152,0.4975806,0.38262936,0.27109852,0.42334774,0.6362023,-0.017552588,-0.028396962,-0.029371588,-0.1275103,-0.12062686,-0.059483945,-0.0048325337,-0.13461092,CUST0232,0.98943347,1,Credit_Utilization
-0.70954835,-0.01033479,-0.28001377,0.1370107,-0.22069475,-0.08722796,-0.22532421,-0.5829342,0.23612073,0.028329922,-0.5499395,0.26038963,0.102855526,0.29278874,-1.1562147,-1.0863452,0.10863792,-0.104475126,-0.19264086,-0.29071444,-0.06720196,0.047529448,-0.14214122,CUST0233,0.05531333,0,Month_5
-1.3776823,-0.79128915,0.15029696,-0.31297714,-0.22714329,-0.2150836,0.021819152,-0.24657954,0.27186105,0.024206782,-0.18918143,0.27227443,0.22448008,-0.78144604,-1.4937181,-0.6912528,-0.050634786,0.091534235,-0.11722245,0.88464075,-0.06912996,-0.0034302967,-0.34539622,CUST0234,0.03499915,0,Month_5
-1.1666465,-0.7363235,-0.11034353,-0.34845755,-0.07032576,0.020157265,0.015606669,-0.52955794,0.23934104,0.05530624,-0.11152779,0.10395112,-0.5531537,-0.7510494,-1.1277318,-0.46599638,-0.040376488,-0.09795361,-0.20036948,-0.3451809,-0.06811171,0.04963387,-0.24470584,CUST0235,0.007926654,0,Age
-1.5923785,-0.13170414,-0.42028663,-0.17257103,-0.060333192,-0.26124948,-0.067007005,0.33807114,0.20023058,0.029705673,-0.30299142,0.2990967,0.4193854,-1.1226746,0.17601757,-0.78863186,0.090224706,-0.085576266,-0.12662092,-0.14855556,-0.032114603,-0.0047987374,-0.2803394,CUST0236,0.08387293,0,Age
-1.9985586,-0.00032365546,-0.40826687,-0.052111946,-0.16974199,-0.04190147,-0.37399167,-0.115572736,0.09239154,-0.003405862,0.31425837,-0.81360847,-0.8574255,-0.16481869,-0.8617777,-0.55553657,-0.13493499,0.16515322,-0.10564969,0.20253296,-0.17056109,-0.005264414,-0.25147536,CUST0237,0.009411705,0,Age
0.79918617,-0.08894348,0.14936656,0.31904027,0.05420709,0.35604373,0.16244718,0.713076,-0.1482011,0.034655318,0.65627277,-0.71399605,0.2934162,-0.65836513,0.30581728,0.30700517,-0.17181295,-0.07208732,-0.073632225,-0.1790521,-0.050775137,-0.005106327,-0.23153535,CUST0238,0.968055,1,Age
-0.62364846,-0.24178457,0.052850313,-0.24092685,-0.034348816,-0.11827408,-0.3143853,0.33236924,0.11771624,-0.017633947,0.41362378,0.23738056,0.34718788,-1.0380179,-1.5134085,-0.23591007,-0.025483102,-0.06503283,-0.10687382,-0.22830848,0.39128956,-0.003450693,-0.31361938,CUST0239,0.17158437,0,Month_5
-1.0439482,-0.20091246,-1.0674176,0.1663216,-0.039331604,-0.1874746,-0.25356916,-0.085517816,-0.57645357,-0.0416288,0.043867864,0.4738905,-1.3507082,-0.06623067,0.12971924,0.22322036,-0.033182196,-0.03649434,-0.24873288,-0.074077584,-0.09822478,-0.0057043214,-0.13865678,CUST0240,0.05432076,0,Month_3
-0.3132199,0.16278605,-0.041337214,0.10813052,0.6463444,0.010856771,0.1964973,0.41399077,0.029692542,-0.0007136414,0.39028856,0.35865763,-0.7982365,0.3020981,-0.34873056,-0.61036676,-0.046902668,-0.07140517,0.5795967,-0.1885092,0.14909881,-0.0031331156,-0.35821974,CUST0241,0.9021648,0,Month_3
0.492076,0.0786034,-0.31354487,-2.4375002,0.21032594,-0.72731334,-0.13238393,-0.2441659,0.026069863,0.015610873,-0.009969122,-1.4816475,0.07422408,0.0084336065,-0.69057345,-0.21722287,0.28627023,-0.05384306,-0.09539993,0.3818589,-0.04467866,-0.0032112002,-0.36894178,CUST0242,0.026787324,0,Credit_Utilization
-1.8089436,-0.234883,0.0003926265,-0.8944457,-1.6035075,-0.22858067,-0.40256906,0.36992583,-0.34648386,-0.2697725,0.42072335,0.4437591,0.0067500486,0.3600892,0.19385831,-0.22750048,-0.03539521,-0.0893597,-0.1634804,-0.14735642,0.14232196,-0.0032165262,-0.35320407,CUST0243,0.038544673,0,Age
-0.73583627,-0.9862797,-0.77690756,-0.207003,-0.25444296,-0.020408269,0.061186947,0.18927206,0.20480391,0.017341321,-0.1773963,0.33760434,0.10478225,0.26314044,-1.7143799,-0.38551173,-0.09126611,-0.050693568,-0.19951391,0.18425417,-0.05259263,-0.0033226227,-0.41748774,CUST0244,0.04494162,0,Month_5
-1.3843828,0.45137584,-0.59728324,-0.17429198,-0.0024402945,-0.5396348,0.086704046,-0.15722376,0.14867747,-0.044839893,-0.4603178,0.1782073,-0.7855431,-0.05097186,-1.2615876,-0.7345306,-0.06552855,-0.053987842,0.43117455,0.4174675,-0.10085142,-0.0034391112,-0.24515626,CUST0245,0.035772197,0,Age
-1.9693649,0.17965233,-0.1199196,0.026359145,-0.21916531,-0.5419409,-0.2495444,-0.11276684,0.124487005,0.012247468,-0.10991759,0.25153914,-1.0253491,-0.8950255,0.1887953,-0.07561049,-0.024014778,-0.08913444,-0.27795702,-0.2721162,-0.071998425,-0.022606881,0.67791826,CUST0246,0.049210574,0,Age
-0.5319115,-0.37299067,0.16707584,0.11125564,-0.024110327,-0.20841593,-0.08954332,-0.29360402,0.18311267,0.057647735,0.015340372,0.40198046,-1.3094053,0.28470433,0.2260739,0.5749298,-0.027990399,-0.038675807,-0.14713292,0.51431876,-0.062402003,-0.0035218932,-0.14166945,CUST0247,0.7189615,0,Month_3
0.18771869,0.20120828,0.026299484,0.046947934,0.011206338,0.14188324,0.1027738,-0.09558814,-0.39804614,-0.15644035,0.35521102,0.4026826,0.2803257,0.23413621,0.50306386,0.15987505,-0.027175684,0.2653987,-0.06871419,-0.15033822,0.48708358,-0.0037591795,-0.14281227,CUST0248,0.98231494,1,Month_5
-0.23751222,-1.3744674,-0.2165836,-0.3429936,-0.020084452,-0.4401364,-0.30545083,-1.1155959,-0.07672542,-0.040135697,0.31423497,0.13278885,0.1653737,0.21874355,-1.3560396,-0.3730883,-0.043827947,-0.046637982,-0.10224709,-0.17947166,-0.21849856,-0.022777654,0.34509262,CUST0249,0.024559468,0,Income
-1.0531379,-0.41172937,-0.5613325,0.14158747,-0.06054339,-0.3261626,-0.07524231,-0.76656526,0.18589884,-0.024719976,-0.42451665,0.1718663,-1.244393,-0.82878613,0.110109,0.41799855,0.108041115,-0.074958585,-0.29518878,-0.18123111,-0.1464116,-0.024558034,0.15847579,CUST0250,0.027888648,0,Month_3
-0.43805882,-0.21501198,-1.0313532,0.0059803165,-0.022834523,-0.11469102,-0.015045199,0.23971541,0.044607826,0.017915167,-0.0777429,-2.0823953,0.22768643,0.034269575,0.056982595,-0.47642297,-0.1276004,-0.02934331,-0.0152010005,0.13997012,-0.10087123,-0.0034795213,-0.41132367,CUST0251,0.060653947,0,Month_2
1.0888771,0.46364376,0.11679294,0.28680304,-0.0018764038,-0.06431087,0.023189362,-0.056993514,0.2461724,0.052254483,-0.1684957,0.24881925,-0.5935544,0.4221974,0.51043135,-0.005188025,-0.024244392,-0.050268047,-0.11134602,-0.1573475,-0.032493364,-0.0050098146,-0.097448654,CUST0252,0.97690684,1,Age
0.42167506,-0.11610056,-0.18542945,0.09333832,0.009476402,-0.32249305,-0.06223265,-0.32789597,0.1334282,-0.109170996,-0.015858147,-1.757016,0.028201072,-0.8009219,0.058919102,0.18634744,-0.13601281,0.14656316,-0.044626,-0.22699519,-0.049848113,-0.005106327,-0.31601933,CUST0253,0.14886533,0,Month_2
0.9676852,-0.21266648,-0.09739573,0.04280935,-0.09927152,0.881367,-0.0034932932,0.49941665,0.13841993,0.016134307,0.41892576,0.2808915,0.06551562,-0.39659494,-0.84780073,0.5480209,-0.122112125,-0.056053806,-0.049195696,-0.20975283,-0.10101207,-0.022880673,0.7503738,CUST0254,0.9828014,1,Age
-0.78016776,0.18133296,0.13945156,-0.098341584,0.25727192,0.08879045,0.08014887,-0.34954706,0.11406543,0.012454892,-0.30255955,0.34994233,0.23656324,0.030582452,-1.3381908,-0.7799037,-0.028388087,-0.049751613,0.45653662,0.58094335,-0.07011015,-0.0034391112,-0.26472086,CUST0255,0.5292697,0,Month_5
-1.1051577,-0.38143614,-0.1676672,-0.13907808,-0.1044312,-0.30634403,-0.7308082,-0.094751544,-0.14186822,0.00088463747,0.3076722,-1.3427435,-1.1526537,-0.14676821,0.3734306,-0.0045556235,-0.09441249,0.114854455,-0.10388354,-0.16171958,-0.1449289,-0.0065750545,-0.3260391,CUST0256,0.014705326,0,Month_2
-0.31888077,-0.0219352,0.17918524,-0.14011128,0.1072386,0.078075394,-0.19351327,-0.40221,-0.4088469,-0.047336057,0.17373902,0.62723136,0.31037608,0.2556827,0.14124416,-0.76200765,-0.03073157,-0.029593661,0.46384633,0.5102499,-0.12327923,-0.0037464625,-0.14143538,CUST0257,0.8673226,0,Month_6
-0.23497379,0.16677001,0.24521607,0.05562505,-0.07668491,0.17984837,0.0045876666,0.10982896,0.24923028,0.08893281,-0.13811512,0.3797926,-0.7393354,0.40067667,-0.5861404,0.8197072,-0.04958215,0.3040418,-0.18759479,0.739293,-0.046692193,-0.0033226227,-0.32024565,CUST0258,0.9532522,1,Month_6
-0.66361016,-0.044381972,-0.17801012,0.033154663,-0.0896864,-0.09899599,0.13095894,-0.121561915,0.09786502,0.004436756,-0.038077835,-1.5214721,0.15106507,-0.53367335,0.34281397,-0.7216064,-0.09408069,-0.0511304,-0.07999318,-0.17643014,-0.072325304,-0.022880673,0.43709773,CUST0259,0.16026263,0,Month_2
-0.26146755,-0.399405,-0.37411344,-0.22441582,-0.12006581,0.12583026,-0.456718,0.38288996,-0.0040169964,-0.15136354,-0.29117,-0.82807106,-0.93385524,0.008985784,-0.9001695,0.18654138,-0.1298165,-0.023637569,0.16507727,-0.20946522,-0.12961248,-0.022870764,0.7035941,CUST0260,0.09682011,0,Month_3
0.54089314,-0.13363662,-0.047106512,-0.1641809,-0.23129562,-0.17546542,-0.49361795,0.48767206,-0.26835498,-0.0801709,0.33504796,-1.6332039,0.05722981,0.18358985,0.32533804,-0.060586452,-0.13228053,-0.029002044,0.43094212,-0.111398205,-0.115586236,0.045580544,-0.40283573,CUST0261,0.4954553,0,Month_2
-1.1909131,-0.37392923,-0.3718742,-0.41208446,0.23471256,-0.30497977,-0.02104978,-0.37572575,0.020729525,0.010242779,0.092844,-1.3019812,0.15057811,0.092422985,-1.3452696,-0.18804745,-0.093622565,-0.02507464,0.08962606,-0.13372923,-0.12688643,-0.005800834,-0.15670146,CUST0262,0.016589358,0,Month_5
0.5366597,-0.75655293,-0.2960277,-0.4185434,-0.6770341,-0.39284092,-0.35667068,-0.0690181,0.28130454,0.045497116,-0.28105474,0.01690036,-0.5085773,0.102560505,-0.826265,-0.44492078,-0.096653454,0.26290002,-0.1150671,-0.0058005257,-0.10080126,-0.006752336,-0.22470893,CUST0263,0.06433112,0,Month_5
-1.4172373,-0.37300777,-0.07726553,-0.04319418,0.14953484,-0.3281206,-0.0059975437,-0.72205764,0.24360459,0.025493521,-0.23629998,-1.3215284,0.055214174,-0.61050075,-0.014921632,-0.7729853,-0.17465794,-0.20171253,-0.03523211,-0.23041014,-0.07352833,-0.021199336,-0.19273269,CUST0264,0.00879714,0,Age
-0.30670667,0.29977477,0.13367043,0.2957478,-0.68400127,-0.11269031,0.032814756,0.05962411,0.020679457,-0.015789969,-0.18021426,0.39322373,-0.101376146,0.46012577,0.27968144,0.5662469,-0.02711212,-0.06275474,-0.12072924,-0.08611803,0.36238694,-0.0035341037,-0.18090008,CUST0265,0.9356135,1,Missed_Payments
-1.1025145,-0.84031475,-0.115512244,-0.9134711,-0.099831074,-0.48013884,0.025573563,-0.45354617,0.23210499,0.109392464,-0.21570617,0.22010961,-0.8429699,-0.95128113,0.09023017,-0.14734825,-0.036302626,-0.14772195,0.19056258,0.48921454,-0.034895793,-0.0034302967,-0.3356756,CUST0266,0.023910794,0,Age
-1.7810233,-0.5328703,-0.04838856,0.053310163,-0.107549466,-0.35267708,-0.1327073,0.38730282,0.33248004,0.011995405,-0.12297325,-0.6162016,0.14172195,0.0904869,-1.0380853,-0.33944163,0.0041401843,-0.03784791,-0.053427294,-0.3056651,-0.29822135,-0.028778536,0.21986148,CUST0267,0.052138265,0,Age
-0.71214265,0.18463574,0.028335402,-0.0929375,-0.0032204492,-0.23798901,-0.38978958,-0.6093135,0.38799554,0.03525535,-0.13341735,0.20860101,-0.8694753,0.046908624,-0.85828066,-0.43973464,-0.050067775,-0.13780837,-0.19413102,-0.24556278,-0.13439375,-0.0062675015,-0.13078988,CUST0268,0.063012265,0,Month_3
-0.92084473,-0.6796622,-0.10674995,-0.17644393,-0.07197988,-0.48748723,-0.4605953,0.0395646,0.091775686,0.02651823,-0.18499014,-1.2506548,0.17292617,-0.078996375,-1.3634921,-0.4416395,0.2022662,-0.07215365,-0.055018704,-0.23356958,-0.11723143,0.0520254,-0.13221715,CUST0269,0.010007111,0,Month_5
0.36215037,0.13971798,-0.13130802,-0.28326938,-0.0007835543,-0.35312992,-0.42617285,-0.9420175,0.21764399,0.074753046,-0.24481454,-1.8780746,0.1486908,-0.4972545,0.003225385,-0.20538124,-0.061129197,-0.1113866,-0.06694399,-0.35769364,-0.083165176,-0.0065275393,-0.045602992,CUST0270,0.04334611,0,Month_2
-0.168546,-0.5694256,0.09691961,-0.035298795,-0.9448005,-0.081901684,-0.017206062,0.08694146,0.088702396,-0.0013767355,0.01240352,-0.9045157,0.042916503,-0.02932729,-1.0427786,-0.49621484,-0.08517762,-0.02847948,-0.033804476,0.29890925,-0.11806493,-0.00448487,-0.3314895,CUST0271,0.068379626,0,Month_5
-0.82204914,-0.04796798,-0.07710245,-0.03706137,-0.89042205,-0.20809774,-0.35844874,-0.46663088,0.009613905,0.011958056,-0.042965166,-2.0967896,-0.38622916,0.20553727,-0.003731804,-0.09780061,-0.07085087,-0.042638328,0.08502432,0.4851904,-0.11366193,-0.004991492,-0.183828,CUST0272,0.029320909,0,Month_2
-0.13555034,0.21666372,0.04258949,0.5237558,0.61390173,0.27018353,0.21231066,0.22641821,0.20771164,0.022055414,-0.25227207,0.3053067,-0.60250586,0.26535946,-0.20689471,-0.69150764,-0.031630106,-0.055426255,0.81198263,-0.2868024,-0.07255573,-0.021128245,0.51707464,CUST0273,0.97162026,1,Employment_Status_Unemployed
0.72844285,0.37344143,0.06615994,-0.009906597,-0.57579094,0.21041836,-0.028206786,0.15918455,0.17752314,0.058667887,0.67398924,0.4095526,-0.13303946,-0.27796355,0.31920624,-0.32858026,-0.02509219,0.3410225,-0.060741402,-0.118104875,0.29826325,-0.003333421,-0.24110706,CUST0274,0.97511405,1,Age
-1.2580961,-0.21781997,-0.71347886,-0.052115597,-0.03204514,0.29386273,-0.7632816,0.1723467,-0.2905309,-0.17722255,-0.326549,0.29262355,0.22391765,0.2707909,0.07797872,-0.14201568,-0.06752461,-0.050486043,-0.13199629,-0.20872878,-0.2533507,-0.02696449,0.049621247,CUST0275,0.15751752,0,Age
-0.020334376,0.2114666,0.20150204,0.1717244,-0.018122932,0.16414581,0.21016364,0.3911383,-0.03823648,-0.007908347,-0.07407917,0.41894647,0.37783182,0.3788407,0.45183954,-0.82263017,-0.022675827,-0.044229202,-0.0063239215,-0.16825953,-0.11311593,-0.0050098146,-0.12060071,CUST0276,0.9597021,1,Month_6
-1.2436479,-0.18739712,-0.10764811,-0.046366606,-0.3330621,-0.20562266,-0.31552488,-0.5265529,0.19087067,-0.14180312,0.25483263,-1.3537863,-0.75750947,0.14997579,-0.66982913,0.39187774,-0.20010713,-0.035906926,0.13915916,-0.27236053,-0.12038934,0.07263353,-0.13863711,CUST0277,0.021826647,0,Month_2
-0.9140366,-0.72692174,-0.18693095,-0.33160126,-0.091401905,-0.18456692,-0.54955393,-0.81481147,0.041103654,0.02805031,-0.49462867,-2.3056295,0.24156183,0.03530905,0.20590645,-0.24822663,-0.068727925,-0.057476394,-0.1776546,-0.32468286,-0.15272932,-0.0272975,0.22889052,CUST0278,0.005368582,0,Month_2
-0.31981862,-0.13564514,-0.41861194,-0.15672538,-0.27416033,0.059340786,0.016976884,-0.45486563,0.20163566,-0.08505949,-0.39686596,0.107618384,0.10352463,-1.2389375,-1.5593753,0.17724378,-0.031747416,-0.08016088,0.017508242,-0.33412698,0.3276761,-0.0038425901,-0.33015752,CUST0279,0.040921107,0,Month_5
0.97572374,-0.5300426,-0.09178521,0.23461883,-0.03257244,-0.23319745,-0.17799862,-1.810561,0.4522701,0.06259097,-0.21247458,-0.89996886,-0.4212868,-0.29504573,0.05571883,-0.6576634,-0.07557391,-0.11158037,-0.11411819,-0.39403328,-0.17974935,-0.025818862,0.13120195,CUST0280,0.06314477,0,Account_Tenure
-0.7382143,-1.1310043,-0.5535297,-0.050528426,0.10008564,-0.14827627,-0.1417905,-0.20728809,0.1389459,-0.018056503,-0.2505874,0.15602078,0.06732015,-0.64394224,-1.8362103,-0.2901088,-0.029656993,-0.056208476,-0.10686423,0.37388435,-0.0685011,-0.0034391112,-0.2777272,CUST0281,0.016932739,0,Month_5
-0.93696976,-0.52779037,0.09424652,-0.24777599,-0.14097002,-0.37280455,0.11470863,-0.2982325,-0.114243925,0.017485062,0.28169537,-1.5640895,-0.775751,0.19818619,-0.050404426,-0.5107734,-0.051445317,-0.045196194,0.5698083,-0.055203512,-0.06349583,-0.0059781154,0.013573796,CUST0282,0.05640328,1,Month_2
-0.88056403,-0.00030948993,-0.16237986,0.24435799,0.038374115,-0.080229275,-0.14553952,-0.4757314,0.044683807,0.00899795,-0.22146825,0.36359304,-1.3556011,-0.08133195,0.1956235,-1.1722494,-0.023739183,-0.082094416,-0.22256814,-0.23264419,-0.058578037,-0.0055270405,0.017884595,CUST0283,0.06705763,0,Month_3
0.3011169,0.17831442,0.13917632,0.24804565,-0.011214167,-0.021336207,0.28292847,0.42366043,-0.20992835,-0.028585477,0.90910673,0.46928504,0.38145882,0.2111496,0.29848424,-0.5198505,-0.02755613,-0.057784595,-0.07693658,-0.13935319,-0.08018053,-0.0050098146,-0.15032464,CUST0284,0.98476666,1,Month_1
-0.46676928,-0.19621356,-0.3169517,-0.019401612,-1.541303,-0.22532907,-0.73432976,-0.5201226,0.32779333,-0.003801693,-0.08210416,0.1924636,0.15077896,0.2502449,0.18529053,-1.2278439,0.08841288,-0.059960663,-0.07770866,-0.17851001,-0.19773827,-0.0063605546,0.035272818,CUST0285,0.048802447,0,Missed_Payments
-0.118459985,-0.01404713,0.0064205313,0.47136506,0.11882675,-0.42607433,0.035520967,0.35449222,-0.4690414,-0.08317784,-0.27805948,-2.5544121,0.21804215,0.035704233,-0.019546632,0.35317522,-0.15681298,-0.055533934,-0.06295295,-0.14002314,-0.07264251,-0.005106327,-0.25568515,CUST0286,0.18788978,0,Month_2
0.9365729,-0.20787254,0.25224888,-0.28333378,0.117317386,-0.07305002,0.32977378,0.35375792,0.72998756,0.042925302,-0.0060288855,-0.8524506,0.054868266,0.2700581,0.22047286,-0.3479292,-0.047688078,-0.04256348,-0.05710741,-0.06183067,-0.070120886,-0.0052836086,-0.103847295,CUST0287,0.94284445,1,Age
-0.9657656,0.06932174,-0.17537192,-0.07654048,-0.0660303,-0.5530741,-0.061794043,0.4040135,-0.5322186,-0.07759113,0.30139235,-2.442101,0.16197154,0.05052159,0.38870072,0.274872,-0.14508529,-0.051308084,-0.06409321,-0.12856266,-0.10332477,0.0459771,-0.26847246,CUST0288,0.086249456,0,Month_2
-0.21274571,-0.69967455,-0.018905262,0.28887433,0.025139496,-0.91121805,-0.16660734,-0.2529595,-0.010526436,0.037412316,-0.99535334,0.17539205,0.17473233,0.29016972,0.4698153,-1.3081237,0.087956615,-0.091499135,-0.11857326,-0.19154578,0.21283959,-0.0030993193,-0.23355891,CUST0289,0.14211792,0,Month_6
-0.47058758,-1.3468668,-0.053569105,0.28846928,-0.01455443,-0.53042585,-0.067408,-0.50882447,-0.125795,-0.46068934,-0.28118122,0.20449384,0.19522153,-1.2035888,0.19562918,0.38521048,-0.039577052,0.21958654,-0.04074919,-0.15107153,-0.09238002,-0.0057043214,-0.036186114,CUST0290,0.0922641,0,Income
-0.67314124,-0.06505759,-0.7292037,0.1906647,-0.31807956,-0.9193412,-0.97959125,-0.15244788,0.14645176,-0.28444672,-0.593063,0.3830671,0.22913979,0.30563605,0.15091842,-0.24018285,-0.07932023,-0.12419417,-0.15333527,-0.09585582,0.3054368,-0.0033872991,-0.37424347,CUST0291,0.08171078,0,Debt_to_Income_Ratio
-0.8101497,0.10149219,-0.6806313,-0.08552641,-0.16368596,-0.7887383,-0.21468766,-0.33894226,0.18482822,0.0025709064,-0.40947312,0.13054222,-1.0081929,-0.16588621,-1.2315168,-0.8496931,0.08132145,-0.07208601,-0.07390028,-0.18228893,-0.13856117,-0.0054439907,-0.19809642,CUST0292,0.0051556304,0,Month_5
0.23149095,-0.6062915,-0.109842554,-1.047772,-0.015117215,-0.30605242,-0.48733157,-0.6393749,0.18710381,0.05474621,-0.40199214,0.1045031,0.07511777,0.10780952,-1.6896352,-0.8360543,-0.0424781,-0.10784104,-0.060346857,-0.21433039,-0.1807104,-0.024656616,0.2813475,CUST0293,0.016733613,0,Month_5
-0.375414,-0.18961452,0.01882778,0.5241629,-0.23193203,0.03337062,-0.9405664,-0.49062082,0.30395505,0.052047174,-0.14615826,0.26819125,0.36892438,-0.7308334,0.24785462,-0.89161605,-0.07032718,-0.086693525,-0.007043124,-0.2847015,-0.14230852,-0.0067847264,-0.043135796,CUST0294,0.2375486,0,Debt_to_Income_Ratio
-1.1503009,-0.7736833,0.065750405,0.18432395,-0.12121341,-0.079163894,-0.355057,-0.37858447,0.24090974,0.10101107,-0.24805637,-2.9577098,0.26902908,0.2564088,0.106688336,0.6626891,-0.17527397,-0.08271693,-0.14641964,0.32031208,-0.037066817,-0.004592544,-0.25138882,CUST0295,0.052160617,1,Month_2
0.22542353,-0.3132482,0.034039635,0.056095846,-0.106562585,-0.5526931,-0.01469945,-0.19134144,0.3603853,0.0839864,-0.44509572,-1.2629203,0.05039622,-0.79708743,0.13951123,-0.7226136,-0.1011239,-0.1369875,-0.0692374,-0.21761037,-0.04286382,0.04707261,-0.28940293,CUST0296,0.06834927,0,Month_2
0.43662995,-0.7456338,-0.13652371,-0.5976875,-0.3828829,-0.062787235,-0.38073584,-0.93865323,-1.2578882,-0.0049614613,0.33132192,0.13252576,0.19372304,0.049511023,-1.8150294,0.21170673,-0.10476392,0.1062383,-0.13563573,-0.33932483,-0.1977165,-0.026860181,0.14749709,CUST0297,0.020559015,0,Month_5
0.21555439,-1.174333,-0.16177604,-1.3102179,-1.1466725,-0.03939803,-0.2586388,0.30824026,0.07033903,0.022034029,-0.54999214,0.016825728,0.022510082,0.05109987,-0.6298353,-0.5960443,-0.04272512,-0.047027245,0.27560633,-0.12103013,-0.1907505,-0.022777654,0.4382752,CUST0298,0.03855006,0,Credit_Utilization
0.7699215,-0.0005354589,0.17959537,0.23738888,0.23501077,0.07557178,0.14325666,-0.643706,0.4618343,0.071362644,-0.02945656,-0.762068,0.20696,0.28213888,-0.7128575,0.6782709,0.6323503,-0.07951707,-0.03087976,0.61973333,-0.066257425,-0.0057258303,-0.27385893,CUST0299,0.97448844,1,Age
-0.9549127,0.06959091,-0.8147003,-0.12523057,-1.3737353,-0.5340955,-0.25790733,0.19862191,0.1648822,-0.00029845524,-0.5134031,0.33977276,0.102469735,0.18974766,-0.95718807,0.53293556,-0.030555183,-0.047663365,-0.027729249,-0.04651656,-0.08617575,-0.0051267096,-0.2835776,CUST0300,0.05697148,0,Missed_Payments
0.092080645,-0.027678054,-0.25809205,0.06684446,-1.7137257,-0.022624834,-0.1755986,0.29202476,0.13977073,0.042868942,-0.11727209,0.23608527,0.00018772867,-1.2269132,0.36099234,-0.056770667,-0.021932377,-0.10088331,-0.07795044,-0.12076382,-0.03157393,0.04567875,-0.3160526,CUST0301,0.20799579,0,Missed_Payments
-0.5621923,-1.0005698,-0.82786727,-0.09598164,-0.18528552,-0.7668908,-0.59843373,-0.7863841,0.21708173,0.038485955,-0.45973152,0.113025054,0.16101651,0.175206,-1.6664463,-0.41453758,-0.0739344,0.14443208,-0.13872725,-0.31110933,-0.25608286,-0.031047016,0.072957374,CUST0302,0.0036887657,0,Month_5
-0.4017772,-0.030715808,-0.6362758,-2.2524443,0.092466526,-0.23878627,-0.05338398,-0.4241213,0.16492394,0.1112754,-0.35968083,0.20665671,0.10345532,-0.9181955,0.3147546,-0.6837012,-0.022782953,-0.07115625,-0.08857411,-0.23768851,-0.06328905,0.05357562,-0.033845186,CUST0303,0.021561261,0,Credit_Utilization
-0.11700538,-0.9137129,-0.002094072,-0.076811306,-0.18081495,0.13498753,-0.48261762,0.011069413,0.22877112,0.0018761273,-0.07888504,-0.044241857,-0.8571003,-0.6538302,-1.7124459,-0.025863634,-0.064103715,-0.034145072,-0.11710333,-0.29111356,-0.16531588,-0.021299016,0.75150657,CUST0304,0.04495729,0,Month_5
-1.2775309,0.18903941,-0.014589779,-0.014505457,0.2257013,-0.25769776,-0.3924149,-1.0366843,-0.62652403,-0.0662798,-0.016431218,-2.6356483,0.21180195,0.105381414,0.102530845,-0.24249656,-0.1021282,-0.079260275,-0.28679413,-0.16140836,-0.057339363,-0.0065275393,-0.1413681,CUST0305,0.007196605,0,Month_2
-0.20115815,0.27325943,0.031066546,-0.25682214,-0.111371905,-0.82497,-0.10089048,0.0911963,-0.11781542,-0.012753893,-0.65624076,0.26917845,0.2286949,0.06991601,-1.1153426,0.5270463,-0.032135803,-0.050434355,-0.09066819,-0.29570973,-0.15011255,-0.022606881,0.5226938,CUST0306,0.40812254,0,Month_5
-1.0822982,-1.0138091,-0.086527936,-0.0091152415,-0.24694917,-0.3681113,-0.071966834,0.134597,-0.25997433,-0.14067535,0.41737524,0.2929153,0.17065619,-1.5435836,0.11760447,0.25729433,-0.043805234,0.13601919,-0.06484573,-0.1251472,-0.09136268,-0.022606881,0.31675547,CUST0307,0.1579829,0,Month_4
-0.12185999,0.09548222,-0.3321809,-0.44635448,-0.20046069,-0.41709495,-0.13250767,-0.46200392,0.07710338,0.05965322,-0.563769,0.12066223,0.19687061,-0.487835,-1.2429367,-0.5301781,0.099544995,-0.18493178,-0.06569163,-0.22337663,0.17346986,-0.00318273,-0.38851738,CUST0308,0.034695063,0,Month_5
0.42472672,-0.3326155,0.088801116,0.13942115,0.07821216,-0.038738057,-0.017741358,-0.482839,0.17777067,0.0030237776,-0.22865912,0.28593144,0.20334056,0.45361444,0.34635866,0.6966086,0.12320675,-0.092210144,-0.06246453,-0.24400346,-0.052655537,-0.0052667097,-0.008607943,CUST0309,0.9572815,1,Month_6
1.062937,-0.05016859,0.31508532,0.3281684,-0.7478401,0.086705476,0.34159702,-0.40266046,0.30191877,0.043853,0.07219285,-1.2560762,0.08376442,0.3093683,0.41395363,0.011225512,-0.066951774,-0.029672462,-0.046210915,0.6772148,-0.06937273,-0.0046753264,-0.20284836,CUST0310,0.94405186,1,Month_2
0.32834283,-1.2219652,-0.36199144,-0.40175998,0.032410577,-0.4374853,0.11175142,-0.24122295,0.026341569,-0.37004793,-0.44061467,0.2280335,0.318407,-1.3555316,0.17131534,0.3676685,-0.07489072,-0.14547367,0.013011155,0.10239548,-0.059400734,-0.0034302967,-0.28145564,CUST0311,0.11493,0,Month_4
0.93000174,0.1114495,-0.029696925,0.12467794,-0.074367195,0.27437443,0.19703662,0.30727574,0.3997686,0.08449891,-0.0038547784,0.2106008,-0.51935256,-0.14127202,0.16544293,-0.31952953,-0.026153145,-0.094418325,-0.074193716,-0.08521393,-0.05178131,-0.0050098146,-0.26286426,CUST0312,0.94112545,1,Age
-0.5865507,0.03628269,-1.1652055,0.26991147,-0.15052028,-0.33703977,0.025593605,-0.45940283,-0.26629993,-0.04362867,-0.32525045,0.59418166,0.15753257,0.046755493,0.27852896,-0.17723356,-0.06313235,-0.063330665,0.57501286,0.26882112,-0.09392548,-0.0038292445,-0.29397327,CUST0313,0.46942502,0,Credit_Score
-0.7635978,-0.34964445,0.034848735,-1.5032319,-1.0180902,-0.44835418,-0.18130472,-0.29777208,-0.4138522,-0.060019035,-0.08457226,-1.5018876,0.087053426,0.053443436,0.015069693,0.25036198,0.34416732,-0.04744573,-0.06843089,-0.13648573,-0.11165332,-0.0057925754,0.008764481,CUST0314,0.010517131,0,Credit_Utilization
-0.009635789,-0.17589024,-0.71611035,-0.033051297,-0.048656937,-0.114004545,0.094192974,0.23548654,0.19740796,0.031012418,-0.109067686,0.23471156,-1.08102,-0.4928469,0.23730728,-0.01963988,-0.058295306,-0.04756671,-0.1380405,0.28836137,-0.09171727,-0.0033226227,-0.37760085,CUST0315,0.36731857,0,Month_3
-0.9752192,-0.88874316,-0.32477012,-0.31144676,-0.22899598,-0.1926301,-0.105584815,-0.618343,-1.1040708,-0.3849271,-0.45918015,0.42804632,0.120033346,0.28200832,0.2067087,0.19532081,-0.044408083,-0.09347495,0.5294531,-0.094676636,0.2114824,-0.0035250126,-0.2975332,CUST0316,0.07584228,0,Payment_Risk_Score
-0.9148679,0.0681299,0.0036302349,-0.4237506,0.309391,-0.20103352,-0.13764948,-0.3992839,0.003456485,0.05126913,0.047525007,0.3227301,0.11378994,-1.5808176,-0.9277907,0.16025543,-0.07030255,-0.10719987,-0.04823238,0.7634528,-0.04839046,-0.0034302967,-0.48077372,CUST0317,0.13638513,0,Month_4
0.09924177,0.3153272,0.47553915,-0.80746186,0.39139155,-0.07722025,-0.020551328,0.6004663,-0.040313005,-0.0007848097,0.6149887,0.29804128,0.24598329,0.15372798,-0.38012618,-0.1914704,-0.027070006,0.18049884,-0.118979536,-0.2029607,-0.08997265,-0.021299016,0.48504123,CUST0318,0.97170275,1,Credit_Utilization
-1.5388246,-0.4225965,-0.08113981,0.13489069,-0.74668896,-0.5971488,-0.16693813,0.26003185,0.028509665,-0.043754112,-0.15067239,-1.4388889,-0.62814695,0.28287268,0.12069032,0.34585455,0.3514102,-0.08642525,-0.23266028,-0.057616904,-0.040159497,-0.0050980686,-0.18568486,CUST0319,0.03754547,0,Age
-1.2695546,-0.57381165,-0.046326637,-0.36641434,-0.32399213,-0.157425,-0.065505795,-0.21169317,-0.09120234,0.029985368,-0.20547876,-1.1407912,0.16270474,-0.120355256,-1.1320137,0.45283893,-0.1960552,-0.055254668,-0.08981582,-0.24159236,-0.10187325,0.05191585,-0.20296988,CUST0320,0.014196877,1,Age
-0.2789009,-0.79622287,-0.108452685,-0.22742255,-0.09053091,-0.55569136,-0.021454453,-0.37491414,0.060500775,0.08620641,-0.41068846,0.07291553,0.01531833,-0.54934937,-2.0375133,-0.27994883,-0.037581775,-0.13774116,0.28850758,-0.28642035,-0.07703791,0.0496205,-0.19338594,CUST0321,0.0142599335,0,Month_5
-0.51642144,-0.020405551,-0.63617116,-0.014266093,0.016327582,0.010734139,-0.100775905,-0.7246507,-0.8686002,-0.4533344,-0.13682802,0.42692572,0.31319168,0.32714674,0.29648226,0.5810438,0.11767606,-0.110409126,-0.24227676,-0.17665966,-0.06893497,-0.0054439907,-0.13132979,CUST0322,0.38633817,0,Payment_Risk_Score
-0.97521794,-0.9083513,-0.27207407,-0.20526586,-0.14240044,-0.5821106,-0.90187365,-0.49600682,0.3101508,-0.005940497,-0.4580297,-0.011633262,-1.0717114,-0.77341926,-1.457382,0.25798166,-0.08081583,-0.069162,-0.0788555,-0.2946091,0.3640629,-0.0044841077,-0.3245962,CUST0323,0.0014605271,0,Month_5
-1.1429359,-0.16503097,-0.072679535,-0.42015404,-0.09811646,-0.4118068,-0.21132413,-0.9753284,-1.3924528,-0.016626671,0.26693553,0.40953013,0.27043688,-0.019639812,-1.539792,0.059514705,-0.05038508,0.09098369,-0.17513783,0.5493279,-0.118743375,-0.0038292445,-0.203328,CUST0324,0.02374544,0,Month_5
0.5539577,0.030187566,-0.7857617,-3.26094,-0.19583777,-0.060153622,-0.8605573,0.08181017,0.124306686,0.015016056,-0.37116918,0.19824003,-0.8455761,0.25481054,0.23562185,-0.11548768,-0.07014069,-0.04525432,0.5360713,-0.060933825,0.200385,-0.0033038885,-0.41674358,CUST0325,0.03889549,0,Credit_Utilization
0.15450613,-0.48687476,-0.40384778,-1.7784035,-0.16625406,-0.42068937,-0.32930806,-0.32011133,-0.08246075,0.06366587,0.40334472,-1.2681191,0.2560325,-0.4584121,-0.79342043,-0.317364,-0.08224405,-0.10421622,-0.030884964,-0.12522866,-0.09735715,0.050900355,-0.18999644,CUST0326,0.0075961035,0,Credit_Utilization
-1.1639031,0.14910069,-0.06125312,-0.19025071,-0.16511217,-0.11341713,0.11198419,-0.37931922,0.34522018,0.018247942,-0.08037978,0.30980572,-0.8081819,0.13543439,-0.9380798,-0.29999435,-0.04786703,-0.07742872,-0.27913773,-0.23448612,-0.08529669,-0.0053652916,-0.15247372,CUST0327,0.0864395,0,Age
-0.8759007,-0.035507053,0.03888872,0.34701207,0.029381983,-0.1099956,-0.13740234,-0.45048395,0.3609248,0.031737503,-0.07530846,-1.4268714,-0.6814858,0.14064455,-0.9184847,-0.5178012,-0.041169785,-0.046325598,-0.13221602,-0.2626516,-0.104206204,-0.0072220457,0.04382586,CUST0328,0.040064797,0,Month_2
-0.07539011,-0.06569925,-0.037881345,-0.1190268,-1.09237,-0.5182052,-0.47300985,-0.35558346,0.05922466,0.014149142,-0.080477,-1.3306941,-0.085336596,-0.7942327,0.31308538,-0.11586439,-0.06985519,-0.10907132,0.13609704,-0.19322617,0.17932916,-0.0034903195,-0.3896953,CUST0329,0.027841918,0,Month_2
0.41370234,-1.048014,0.016731167,-0.061854452,-1.6774509,-0.36069098,-0.092860155,-0.88861525,-1.097937,-0.555173,-0.1890007,0.16495325,-0.004322917,0.31997454,0.186273,0.07513362,-0.036391545,-0.06973869,0.5672878,-0.11762215,0.24984802,-0.0035250126,-0.13901758,CUST0330,0.06332464,0,Missed_Payments
-0.535056,-0.99964535,0.026236383,0.038308464,0.0057115667,-0.2313481,-0.1984639,0.20211361,0.08294908,-0.010010904,0.20437801,-1.6862258,-0.645062,-0.112331055,-1.1339233,-0.12978113,-0.088908836,-0.03637634,-0.08382284,0.24748757,-0.111189194,-0.0044020875,-0.34858635,CUST0331,0.019963197,0,Month_2
-0.6642834,-0.79430366,-0.53745645,-0.24267863,-0.16382526,-0.45412993,-0.2804032,-0.5751153,-0.042627186,-0.0039537307,0.13843234,0.23446494,0.12159353,0.32103127,-1.8143338,0.665706,-0.042075273,-0.06156155,-0.0999485,-0.21612576,-0.09919755,-0.022606881,0.68043685,CUST0332,0.09122967,0,Month_5
-1.4821033,-0.54369634,-0.07760759,0.0042867144,0.041364558,-1.0548794,-0.10386638,-0.5362144,0.096049815,-0.03242752,-0.55429286,0.21306281,0.15569253,-0.8881004,0.41944298,-0.22516604,-0.025407013,-0.09931684,-0.10531973,-0.37597382,-0.18960217,-0.026793715,0.029976044,CUST0333,0.023971092,0,Age
-0.318419,-0.3777066,0.19197875,0.52187526,-0.22616367,0.31123418,-1.0878949,-0.3691894,0.064037815,0.022172987,-0.344735,0.3849424,0.42599303,0.09809549,0.24932721,-0.98227566,-0.075045384,-0.029117273,-0.031843565,0.5878769,-0.11627998,-0.00447139,-0.24338521,CUST0334,0.5757268,0,Debt_to_Income_Ratio
-0.45415786,-0.76820457,-0.35034758,-0.07973085,0.057617106,-0.18420173,-0.42822722,-0.23051873,-0.2813197,-0.008512084,0.58203,0.13314515,0.1723082,0.047644265,-1.7857764,-0.20033239,-0.07793346,-0.03873871,-0.08848444,-0.20903188,-0.16270001,-0.021299016,0.72143227,CUST0335,0.119088374,1,Month_5
-0.018158952,0.04067226,0.057596248,0.38738367,-0.18487874,-0.20931675,-0.24995655,-0.9868172,0.39464226,0.046845827,-0.038712356,-1.477138,0.090794586,-0.590086,-0.890552,-0.2260804,0.14007986,-0.053263195,-0.008203728,-0.27815372,-0.10778375,0.049914394,-0.21836805,CUST0336,0.06444727,0,Month_2
-0.7329112,0.1594774,0.032298036,0.83763427,-0.011231266,0.0059602973,0.0793668,0.48719177,-0.31067786,-0.17384784,0.5130736,0.41119188,0.3775305,0.2179905,0.37787798,0.032030582,-0.021800859,-0.04485093,-0.17631796,-0.1115027,-0.091064885,-0.022606881,0.5208596,CUST0337,0.98218817,1,Credit_Utilization
-1.12122,-0.12145507,-0.5809648,0.2207918,-0.21616326,-0.3091992,-0.7393639,0.16083036,0.007815678,0.04367433,0.5255044,-1.7343813,0.116306916,0.23264892,0.14982858,-0.81633055,-0.22580612,0.18995565,-0.17623203,0.07936389,-0.03839014,-0.004865466,-0.43666267,CUST0338,0.04148449,0,Month_2
1.1111577,0.16998006,-0.03648159,0.104862064,-0.17569156,-0.18160728,0.25192076,0.24359643,0.59218097,0.0080073485,0.109678,-0.5110113,-0.06384502,0.21039324,-0.8866411,-0.062259316,0.002067183,-0.051919147,0.38087603,-0.3280885,-0.09911559,-0.022880673,0.752217,CUST0339,0.95975316,1,Age
-0.17912406,-0.5968481,-0.15905626,-0.033989754,-0.06675957,-0.6483942,-0.012625116,-0.7197061,0.2651547,0.03675849,-0.46106187,0.26702404,0.35519692,-0.72157764,0.25239235,-0.6957264,-0.028464818,0.23423399,-0.005826095,-0.2903884,-0.123934805,-0.005542573,0.014144147,CUST0340,0.15844125,1,Month_4
-1.3412181,-0.3698051,-0.35514686,0.42613247,-0.09945776,-0.3988043,-0.34869957,-1.0278684,0.08857945,0.039068174,0.36396194,0.26676017,0.082022354,-1.2503628,0.15511304,-0.85514677,0.10110107,-0.122401044,-0.07275177,-0.17010655,0.12810905,-0.00318273,-0.37172896,CUST0341,0.029840766,0,Age
-0.76959413,-0.011676776,0.042738486,0.09351837,0.1555843,-0.7116485,-0.11003055,-0.556193,0.18962485,0.02867572,-0.18067665,-1.9621283,0.20022069,0.20743987,0.06565592,-0.86376923,0.28660938,-0.067323945,-0.057674084,-0.23962027,-0.1311162,0.053856142,0.034327146,CUST0342,0.0660537,0,Month_2
-0.72106534,-1.0164394,-0.13121349,-0.017227918,-0.6143894,-0.044704024,-0.5660729,0.12773427,0.22081338,0.09711046,-0.23295525,0.14912067,-0.5253764,0.30243444,-0.9710607,0.5174476,-0.058171116,-0.09572505,-0.22312443,-0.11238319,-0.07534474,-0.005851638,-0.26561654,CUST0343,0.06863741,0,Income
-1.3138876,-0.04627459,0.040954936,0.61349493,-0.3710478,-0.57809466,-0.81627506,0.21964352,-0.32880327,-0.024940958,0.46228477,0.2001062,0.2872528,0.108614765,-1.6698226,-0.27225715,-0.08180587,-0.056144297,-0.102654874,-0.20770006,-0.18365853,-0.0058750943,-0.14073655,CUST0344,0.068282366,0,Month_5
0.5344162,0.012838659,0.002475367,0.088109866,0.06490469,0.07649896,-0.18124986,-1.8657312,-0.707098,-0.08217491,0.2559274,-2.281256,0.17839918,0.00023439468,0.2450072,-0.14379601,-0.1443491,-0.0724349,-0.15089539,0.5532006,-0.08243526,-0.004592544,-0.25313523,CUST0345,0.09088413,0,Month_2
0.38404766,-0.020782225,-0.062304653,0.05287212,0.019195087,-0.310933,-0.5261158,-1.1240423,-0.05004727,0.045476884,0.19490819,0.1435855,0.26297477,0.2251169,-1.4921663,-0.9063087,-0.048176493,-0.07084021,-0.097835876,-0.25823578,0.33904883,-0.0033872991,-0.39382222,CUST0346,0.114708476,0,Month_5
-0.10302794,0.026442,-0.015775299,-0.65614873,-0.076833665,0.08119205,-0.14882532,-0.10871607,0.16365956,0.05059416,0.33897972,-0.055396378,-0.67805696,-0.8269231,-1.1755279,-0.5833431,-0.03795817,-0.1395582,-0.13931179,-0.38991255,0.16698797,-0.0031331156,-0.39171836,CUST0347,0.04530119,0,Month_5
-0.43141422,-0.103908405,-0.060512263,-1.8836693,0.042046342,-0.5045672,-0.22200191,0.30112612,-0.6920154,-0.24218957,-0.36559004,0.3953273,0.21366546,0.18813112,0.3184616,0.2894585,0.082335345,-0.049078196,-0.15948999,-0.20443271,-0.081410125,0.045641925,-0.26888847,CUST0348,0.14947511,0,Credit_Utilization
0.721096,-0.33742648,-0.13074537,-2.8288686,-0.077581204,-0.52490574,0.04899413,0.09390589,0.10583954,0.009725052,-0.44792315,0.08081806,-0.73912007,-0.83803487,0.21190389,0.19790421,-0.031860866,0.16148409,-0.13266836,0.28610647,-0.024351718,-0.0033226227,-0.33069718,CUST0349,0.053379048,0,Credit_Utilization
-1.2127278,-0.4936341,-0.04320899,0.047941916,-0.19975989,-0.14489062,-0.28195906,-0.98072314,0.17396681,-0.14433077,0.48644897,-2.47878,0.11379838,0.25235835,0.094251305,-0.28722212,-0.15371418,0.2438326,-0.05713803,-0.11190963,-0.046601396,0.048903354,-0.13052927,CUST0350,0.02529865,0,Month_2
0.14268023,0.20337956,-0.2237946,0.5870816,0.0933748,0.08618539,-0.10811065,0.43134654,0.122312084,0.02924147,-0.22251503,0.4878099,0.2660349,0.021048825,0.28000718,-0.89249057,-0.0287939,0.2092032,-0.089493126,-0.12451052,-0.12047989,-0.021128245,0.6758141,CUST0351,0.96948224,1,Month_6
0.29578432,-0.3233738,-0.9021764,-0.13025233,-0.008509822,-0.11451721,-0.32435024,0.102392666,0.04073478,0.025744313,-0.61276186,0.28669634,0.1126005,0.2276348,0.15409034,-1.5031786,-0.032470945,0.16692975,-0.12771115,-0.09710497,-0.065745786,-0.0049494286,-0.17265254,CUST0352,0.20539689,0,Month_6
-0.09011682,-0.16410975,-0.11738931,-0.2862212,-0.054947093,-0.30285013,0.10913789,0.312822,0.18508132,0.028686758,-0.23481968,-1.787272,0.08406932,0.23236033,0.36869952,-0.795868,-0.08265585,-0.05142825,-0.047224153,-0.19402549,-0.07677519,0.0459771,-0.23072653,CUST0353,0.18312073,0,Month_2
-0.10199658,-0.8042841,-0.21776362,-0.28040266,-0.16888319,-0.283538,-0.109864354,-0.15091348,0.030751657,0.032829255,0.5547965,-1.1828699,0.25629032,-0.5565085,-0.98019284,-0.1800547,-0.1400768,0.15589203,0.005653139,-0.0811343,-0.11617547,-0.0062889573,-0.22768371,CUST0354,0.052244186,0,Month_2
-0.5310231,-1.1742779,0.116275765,-0.458545,0.048012286,0.009712663,-0.16543134,-0.19744053,-0.024552178,0.005070824,-0.4350839,0.34643453,-1.6739535,-0.053498663,0.5081933,-0.11390225,-0.026837267,-0.037799157,-0.16581492,0.39764217,-0.05729782,-0.0034302967,-0.15104643,CUST0355,0.10116537,0,Month_3
-0.86050934,0.16789828,-0.37372586,-0.29533148,-0.16479589,-0.37196186,0.14107437,-0.5095729,0.11959199,-0.03294871,0.08915904,0.15216985,-0.6479269,0.3006478,-1.1870755,-0.29846406,-0.030211065,-0.044028576,-0.19530198,-0.3861624,-0.088578776,-0.021128245,0.63524246,CUST0356,0.095548786,1,Month_5
-0.55652297,-0.9904982,-0.50592196,0.16511656,-0.052914497,-0.6562284,0.2333573,-0.035633836,0.075648576,0.03846358,-0.63592356,0.3225907,-1.2804894,-0.15266673,0.18875298,-1.0158491,-0.06377426,0.22904883,-0.09254031,0.03924194,-0.084058456,-0.0035130787,-0.1657104,CUST0357,0.034033746,1,Month_3
-0.18282598,-0.24071409,0.1380894,-0.03116184,0.16698629,0.3970058,0.018954044,0.3463677,-0.24433473,-0.024293464,-0.04620721,0.54284453,0.32469907,0.23564644,0.3324652,0.56122464,-0.031306006,-0.032964267,-0.04489011,-0.15935837,-0.14621432,-0.028389247,0.0731059,CUST0358,0.97285336,1,Month_6
-1.0507401,0.1739807,-0.13027252,-0.12355721,-0.20240898,-0.43212944,-0.5924491,0.06814636,0.09934414,-0.022993887,0.2173227,0.27718055,-0.82599723,-0.7436264,0.26861948,-0.6983981,-0.0710575,-0.046478335,0.48691112,-0.17995429,-0.08690091,-0.021299016,0.7270156,CUST0359,0.22175056,0,Age
0.5728608,-0.13041818,-0.039405588,0.21537401,-0.22362722,-0.68145907,-1.057247,-0.5138766,0.23159026,0.070505016,-0.49934664,0.21521126,0.17306171,-1.3239732,0.22359489,-0.1923244,-0.075659566,-0.117425084,-0.034630254,-0.26942378,-0.1347554,-0.00609022,-0.14846691,CUST0360,0.1099079,0,Month_4
-0.9003616,-0.6318886,-1.2253073,0.23103216,0.085131176,-0.44131806,-0.015686557,-0.32740235,-0.043137774,0.016886905,0.44194034,-2.251173,0.0844402,-0.13431042,0.23311336,-0.44912142,-0.15033028,-0.04744932,0.30037537,-0.009710704,-0.1281823,-0.0049087093,-0.26035604,CUST0361,0.01846071,0,Month_2
0.43577635,-0.21316224,0.19412947,-1.2168252,0.0035824159,-0.15760902,-0.14796303,-0.5724376,0.08972369,-0.055672016,0.08165765,-2.2988873,0.111806266,0.010843342,0.32157084,0.017158382,-0.12483425,-0.044549275,-0.11961187,0.68224937,-0.06472069,-0.004592544,-0.25729874,CUST0362,0.15770328,0,Month_2
1.310386,0.10279659,-0.07960283,0.021008346,0.075192444,0.4146191,0.0015133396,0.6179658,0.4658436,0.09862831,-0.24713692,-0.37533918,-0.4571401,0.105919555,0.060068678,-0.24004276,-0.08602659,0.5051625,-0.07581973,-0.11488802,-0.043097857,0.0439801,-0.2600229,CUST0363,0.9706369,1,Age
0.11133956,-1.5491163,0.24788395,0.012860411,-0.1753259,-0.044157017,-0.51967245,-0.36803517,0.16777147,-0.07657831,-0.38293043,0.2494514,0.14071445,0.25686485,-1.9087312,-0.51083916,0.09265742,-0.041710682,-0.042133495,0.4722732,-0.10527146,-0.0034144963,-0.2617025,CUST0364,0.070204385,0,Month_5
-0.37212682,-0.9920649,-0.03509744,-0.90863,0.00039864326,-0.0430444,-0.05881163,-0.75572413,-0.12032344,-0.08142071,-0.41092208,0.31374514,0.16230637,0.36124727,0.47996426,-0.3141884,0.079547785,-0.049083527,-0.07642244,-0.13042237,-0.05943066,0.049583673,-0.029396864,CUST0365,0.20815748,0,Income
0.23422948,-0.929671,-0.096586816,-0.45885408,-0.029106554,-0.12961406,0.010962523,0.3396721,0.10237322,-0.080095954,-0.45537627,-0.02679842,0.11284685,-1.34916,-1.8236111,0.14899401,0.09834725,-0.067418635,-0.041433915,-0.24136762,0.2273775,-0.00318273,-0.3527062,CUST0366,0.040858187,0,Month_5
-0.4636734,-0.20431562,-0.008356436,-0.42564458,-1.3559932,-0.15040538,-0.396681,-0.18480515,0.22346921,0.054395113,-0.43386257,0.21198396,0.23763897,-0.70194775,0.2140208,-0.19927858,-0.028601468,-0.096337155,-0.0021873096,-0.044409078,0.44720694,-0.0045675184,-0.25049537,CUST0367,0.12913857,0,Missed_Payments
-0.7636585,-0.32224923,-0.06971829,-0.1338213,0.12132771,-0.92538184,-0.13097012,-0.6299434,0.2755559,0.032616775,-0.36819082,-1.7049792,0.14506842,0.1897504,0.15584007,-0.8053386,-0.14175422,-0.07737701,-0.07072704,-0.27681488,0.48245,-0.019181779,-0.25390488,CUST0368,0.025651852,0,Month_2
-1.5004704,-1.2619572,-0.0788495,-0.024614844,0.053797334,-0.30855978,-0.064425625,-0.073316395,-0.4101236,-0.12749943,-0.2698184,0.2853184,-1.6095186,0.053527035,0.16691552,0.31091443,-0.03992991,-0.090671785,-0.348513,0.17576845,-0.039214518,-0.0032057278,-0.28349096,CUST0369,0.02117171,0,Month_3
-0.51068664,0.039499324,-0.005001434,0.06238101,0.09672428,-0.47732154,-0.077134304,0.15757126,0.040529445,0.03799226,0.6331097,-2.3452797,0.30391482,0.15147126,0.064866774,-0.5878139,-0.11015692,-0.053890813,-0.009318075,0.3672585,-0.1329277,-0.0044020875,-0.28381994,CUST0370,0.2712705,0,Month_2
-0.74191064,-0.04171118,-0.42352885,-0.16553915,-0.2765111,-0.030070018,-0.29926816,0.069408454,0.111310154,-0.023832045,-0.36425668,0.104186326,-0.006876261,-1.1562316,-1.2499504,-0.81628555,-0.04982674,-0.21618992,0.2647313,-0.21231021,-0.043510653,0.04567875,-0.39299202,CUST0371,0.013908682,0,Month_5
-1.866879,-0.87154406,-0.028254356,0.16445678,0.06436586,-0.8543931,-0.16639547,0.24959767,0.11337943,-0.0064380746,-0.3921224,0.105874516,-0.7282288,0.021685708,-1.8850765,-0.21771717,-0.02351005,-0.060337115,0.3619722,-0.3326074,-0.22082375,-0.026793715,0.102334015,CUST0372,0.007820116,0,Month_5
-0.37617424,-0.5912702,0.14046815,-0.16458033,-0.099225044,0.5409213,-0.27254635,-0.27605277,0.10785321,-0.1345094,-0.5085144,0.29908323,0.2729959,0.32132307,-2.1184776,-0.40101483,0.07305618,-0.043152105,-0.060457923,-0.1344246,-0.1252554,0.0554652,-0.009578409,CUST0373,0.13589416,0,Month_5
-0.65991235,-0.38884348,-0.36019337,-2.6487136,-0.029562525,-0.24609672,-0.11956321,-0.5689523,-0.05405609,-0.3877838,0.53928345,0.12798423,0.19363517,-1.365057,0.21273406,-0.27585334,0.085627146,-0.1329561,-0.042499363,-0.15056068,0.31475577,-0.0035003074,-0.31080717,CUST0374,0.009789153,0,Credit_Utilization
-0.59410703,-0.025023013,0.0032859303,-0.14881583,0.12091677,-0.10061342,-0.0717101,-0.7412721,0.38761485,0.0996752,-0.079354465,-1.265694,-0.56888855,-0.42552018,0.28722137,-0.5169466,-0.037145887,-0.0679732,0.27234048,-0.37395084,-0.0665179,0.054842103,-0.059597846,CUST0375,0.09423508,1,Month_2
0.82613826,0.09949191,-0.10478829,-0.034172677,-0.19925576,-0.31244835,-0.2548247,0.2307842,0.05024956,0.002781861,-0.15758106,-0.93589824,0.095167145,0.084883995,-0.97297776,-0.03433923,-0.09503164,0.16976056,-0.08276624,-0.23261361,-0.12905231,-0.0243494,0.83432055,CUST0376,0.61721104,0,Month_5
-1.1289967,0.01042039,-0.31511173,-1.7544976,-0.029704608,-0.17684093,-0.054644786,-1.0552313,-1.2382115,-0.26187095,0.06675635,0.3222965,0.3190683,0.43258783,0.20447123,0.15180777,-0.04435948,-0.09023379,-0.25256371,0.6228236,-0.04166766,-0.0035130787,-0.3199086,CUST0377,0.048205554,0,Credit_Utilization
-0.4054671,-0.5610778,-0.06774913,-0.17461476,-0.03521379,-0.6930124,0.10622081,-0.3230761,0.070846006,-0.38254923,-0.2742921,0.3095139,0.15235597,-1.2445737,0.49721918,-0.30782843,-0.02914398,-0.1673374,-0.037796967,-0.36078286,-0.08926377,0.05357562,-0.09646457,CUST0378,0.08269629,0,Month_4
-1.964938,-0.004216153,0.01459083,-0.0010075443,-0.71687764,-0.5097657,-0.26385438,0.146233,-0.06600741,0.008814361,-0.23399001,-1.6020346,-0.39816064,0.29603112,0.1473885,-0.095634334,-0.077862605,-0.089934275,-0.23748097,-0.13176784,0.10431928,-0.0034903195,-0.388294,CUST0379,0.011965483,0,Age
0.116890624,0.3954322,0.021460153,0.7054507,0.048555944,0.5107147,0.16520017,0.15637931,0.2434871,0.059940096,-0.15801069,0.32658988,0.37593934,-0.67636895,-0.9867085,-0.030152999,-0.032006018,-0.06530475,0.008670397,-0.16882929,0.56866825,-0.004058349,-0.33065104,CUST0380,0.9481194,1,Month_5
-1.2922906,-0.15667927,-0.2913948,-0.3296212,-0.1716249,-0.32534337,-0.031449933,-0.25982505,-0.25132343,-0.22830795,-0.28993422,0.32219213,0.09056616,-1.9978771,0.055159077,0.38373196,-0.115905024,-0.096523315,0.34270725,0.26261395,-0.024889108,-0.0032057278,-0.4703155,CUST0381,0.038225055,0,Month_4
-0.073871106,-0.16634537,-0.98647267,0.5288852,0.033225328,0.3169679,-0.12562567,0.29458255,-0.27909806,-0.026313288,-0.36609483,0.5188796,0.35809863,0.3094521,0.23913002,0.27499145,-0.040623344,-0.029780144,-0.039872814,-0.040866088,-0.0726424,0.043809127,-0.3502031,CUST0382,0.8780897,0,Credit_Score
-1.1475494,-0.044107214,-0.37672514,-0.2631241,-0.24181835,-0.28262597,-0.32652834,0.31834066,0.095976934,0.016681138,-0.5493024,0.11768186,-0.9258434,-0.79807144,0.10045354,-0.8238757,-0.030243646,-0.15709917,0.34710297,-0.1754408,-0.07304313,-0.022606881,0.5205532,CUST0383,0.044490688,0,Age
0.6836004,-0.19094265,-0.10710678,0.17034161,0.06193431,-0.23657168,-0.2380576,-0.5792159,0.2342927,0.0032428845,0.059352227,-1.8296208,-0.48611978,0.18963063,0.35645062,-0.6249659,-0.09414066,-0.027508311,-0.16656621,0.56215996,-0.08971959,-0.004592544,-0.19456483,CUST0384,0.29019448,0,Month_2
0.5459872,-0.5267422,-0.2616054,-0.15220052,-0.16763724,-0.44975027,-0.9750975,-0.06837716,0.17536016,0.038452305,-0.49215424,0.1162848,0.037524424,-1.0315598,0.24043667,-1.0209703,-0.07586835,-0.13979952,-0.05798329,-0.28048798,-0.077943556,0.044599067,-0.3137856,CUST0385,0.03772167,0,Month_4
0.44669902,-0.1690598,-0.5122656,0.10000543,0.1056013,-0.4381868,-0.25824392,-0.13859731,0.13638815,0.05320826,-0.13872696,-2.0541747,0.11555155,0.19196276,-0.09702415,0.42593083,-0.17353626,-0.059289183,-0.07932918,-0.08869533,-0.10757905,-0.006752336,-0.28035748,CUST0386,0.20226099,0,Month_2
-0.53476363,-0.07592,-0.32684475,-0.10640054,-0.026347924,-0.17913349,-0.55726856,-0.4183278,0.1775696,-0.09668301,-0.005928921,-1.4009197,0.026223078,-0.7631721,-0.907086,0.5053099,-0.15167512,-0.09688549,-0.02433705,-0.20248638,0.24837774,-0.0046872604,-0.38379884,CUST0387,0.02530957,0,Month_2
-0.86791915,-1.0423642,-0.14623219,-0.09251321,-0.11116136,-0.12116212,-0.35457346,-0.4264034,0.09765366,0.03655184,-0.70879924,0.34099165,0.4257572,0.27408588,0.33833808,-1.0371338,0.11687012,-0.06901736,-0.15660536,-0.16277061,-0.07430735,-0.021094445,0.31952,CUST0388,0.14331326,0,Income
-0.9345273,-0.08403315,-0.0036458755,0.3447237,-0.8515023,-0.08574544,-0.41308755,0.1326642,0.03426847,0.017408077,-0.46495017,0.12275208,-0.66203797,0.23234287,-0.5637649,-0.9627519,-0.026102643,-0.06989673,-0.17630965,-0.2270623,-0.10137067,-0.022723775,0.38436422,CUST0389,0.061413754,0,Month_6
-1.3857384,0.06303983,0.006868853,0.03163995,-0.22263423,-0.1662908,-0.008867408,-0.029946057,0.444904,0.089790575,0.18231647,-0.91611624,0.09209326,-0.18874317,-0.81901175,-0.6524769,-0.032120053,-0.052678574,-0.06914129,-0.2762789,-0.22650291,-0.028546145,0.15280552,CUST0390,0.086480506,1,Age
-0.16591014,-0.46430123,-0.42765948,-2.6859143,-0.07737681,-0.6017438,0.054613747,-0.33669096,-0.004661924,0.06256499,-0.30276453,0.09871248,-0.8047231,-0.5520591,0.2987328,-0.41933846,-0.021682581,0.25349602,-0.13894087,-0.13292411,0.23928641,-0.0032165262,-0.32136872,CUST0391,0.00816562,0,Credit_Utilization
-0.20653869,-0.56462824,-0.141392,0.10602609,0.046427548,0.02799033,-0.0673054,-0.6518667,0.052961484,0.00035073236,-0.12309767,0.31963655,0.1280752,0.33322296,0.26043183,-1.2427534,-0.03349052,-0.037503023,0.024386892,-0.19882609,-0.07781798,0.04368175,-0.21422334,CUST0392,0.36308435,0,Month_6
0.6519578,-0.74944663,-1.1367564,-0.1650555,-0.035430808,-0.2513092,0.21293484,-0.6326042,0.22370772,0.05237729,-0.22692406,-1.1511133,0.037462156,-0.01487183,-1.0544889,-0.228375,-0.09569854,0.15322535,-0.11606636,0.1910245,-0.09103765,-0.0046753264,-0.31827214,CUST0393,0.043306217,0,Month_2
-0.86366785,0.0744379,-0.050829634,-0.39737576,-0.0036514804,-0.4321311,-0.11968362,0.013027919,-0.18913354,0.022611033,-0.029531695,-2.113843,0.117990494,0.03907929,-1.1662915,0.32866985,-0.14681411,-0.04784002,0.16083358,-0.20117125,-0.101053305,0.0459771,-0.42064357,CUST0394,0.02131531,0,Month_2
0.18219176,-0.92469794,0.09971841,-0.50442857,-0.2001053,-0.31417558,-0.17485528,-0.46776798,0.18507595,0.023368504,0.023639245,-0.005741343,0.21994568,0.026188383,-2.1462803,-0.9298645,0.1047045,-0.03768933,-0.12574941,0.8235318,-0.12016151,-0.0034144963,-0.29886392,CUST0395,0.05160348,0,Month_5
0.37253994,-0.6496651,-0.19008256,-0.40357134,-0.049450923,-0.16340472,-0.00890596,-0.6906019,0.07937283,0.038619332,0.13163403,0.21862328,0.12178036,-0.67644894,-1.9253815,-0.1537422,-0.032018624,-0.048710555,-0.009519615,-0.3027939,-0.23054697,-0.026135255,0.3888694,CUST0396,0.07207168,0,Month_5
0.025286332,-0.109516546,-0.16030222,-0.124717355,0.06628245,-0.2645041,-0.5398988,-0.62465787,-0.31961665,-0.31662348,0.14156371,0.13360097,0.30413806,-1.6121132,0.38478348,-0.08875587,0.08432755,-0.09905894,-0.08580303,-0.20709835,-0.17518622,0.045724876,-0.40624583,CUST0397,0.091609344,0,Month_4
-1.1298633,-0.016766356,-0.43786234,0.0013041712,0.34110993,-0.41800722,-0.3949024,-0.9425349,0.09979223,-0.0026436732,-0.15076262,-1.6575224,-0.7494828,0.20421214,0.042274237,-0.73397195,-0.079367004,-0.044020254,-0.26570022,-0.22723103,-0.1614789,-0.025818862,0.4270422,CUST0398,0.009304086,0,Month_2
0.7400956,0.0219423,-0.38723078,-0.21050407,-0.06196454,-0.56643957,-0.09207797,-0.10259557,0.14062268,-0.095176846,-0.022948433,-1.16152,-0.54602724,-0.79821545,0.0068009626,0.16875264,0.23105243,-0.101930864,-0.12003191,-0.2592465,-0.06354085,-0.0049207876,-0.28032008,CUST0399,0.12884884,0,Month_2
-1.5614578,-0.7764703,-0.15190853,-0.28085792,-0.039152924,-0.24497503,-0.35617495,-0.13936542,-0.30200654,-0.011852499,0.26085767,0.045562323,0.20265986,0.24916278,-1.8643767,0.67849094,0.11193069,-0.04278126,-0.1347274,-0.3315739,-0.31297785,-0.028314682,0.13487644,CUST0400,0.037645016,0,Month_5
-1.1504619,-0.15727805,-0.05437567,-0.9886654,-0.08929356,0.37651056,-0.16939501,0.1789847,0.12732887,0.017100917,-0.30758083,-0.92756397,0.107136875,0.010091247,-0.66613424,-0.19897269,-0.12599781,-0.1423085,-0.15164965,-0.32973307,-0.07460179,-0.021402035,0.632479,CUST0401,0.07932651,0,Age
-1.3871151,0.0015085932,-0.7061785,-0.98821163,0.029493019,-0.3460304,-0.30204403,0.2320153,0.02185562,0.005723588,0.20957713,-2.1082633,-0.8818906,-0.14714675,0.08667554,-0.06081027,-0.1324639,-0.038775112,0.20332429,0.16491273,-0.13408293,-0.0049482486,-0.4586142,CUST0402,0.006137141,0,Month_2
-0.1419523,-0.22293738,0.09001223,0.74370354,0.009620743,0.38136935,0.15343876,0.69545496,-0.37416664,-0.19311248,0.4859503,0.5460756,0.32540065,0.36108223,0.24083455,0.26292038,-0.03241816,-0.03208269,-0.042218495,-0.14311543,-0.061107744,-0.0057043214,0.053030502,CUST0403,0.99145925,1,Credit_Utilization
0.49838945,-1.145669,-0.08406779,-0.30631134,-0.07847778,-0.28327554,-0.21030925,0.054234814,-0.045194097,0.01713179,0.26255307,0.3624851,-1.4339572,-0.13316754,0.09308082,-0.70162725,-0.034196388,-0.04986203,-0.13241069,-0.0933376,-0.13579969,-0.022606881,0.084968545,CUST0404,0.13433306,0,Month_3
-0.39762536,0.19280896,-0.43506742,-0.043883912,-0.16318005,-0.0824528,-0.19744702,-0.31591415,-0.100208394,-0.03154293,-0.5258641,0.018397328,0.27131677,0.085002825,-1.2569089,-0.9303927,0.10750784,-0.12050469,-0.1468735,-0.2957612,-0.092808634,-0.021094445,0.4053154,CUST0405,0.08144064,0,Month_5
-0.68119127,0.05353543,-0.6865846,-1.8468887,-0.9959972,-0.45222327,0.2684151,-0.34731677,0.12936465,-0.030252954,-0.41355807,0.23670633,0.04617233,0.23850395,-0.90553254,-0.43365648,-0.02662453,-0.07789816,-0.07398343,-0.09325897,-0.093091935,-0.00623708,0.011056855,CUST0406,0.010704912,0,Credit_Utilization
-0.19714941,-0.055138107,0.056481607,-0.16708219,-0.0075930813,-0.7063064,0.06425267,0.18634538,-0.10921975,0.024162328,-0.68980676,0.28528622,-1.441101,0.01395285,0.29159975,-0.10794103,0.091169864,-0.09674971,-0.2654558,-0.15885364,-0.015358572,-0.0048508462,-0.12651761,CUST0407,0.18518215,0,Month_3
-0.008198377,0.009087169,-0.036352724,-0.6405391,-0.17979182,-0.6019065,-0.16839492,0.26046035,0.09859076,0.0012958918,0.013136053,-1.5226506,0.19841722,0.10431474,-1.3214278,-0.5288297,-0.08811244,-0.03379395,-0.09474716,-0.25962353,-0.097688004,0.0439801,-0.35297903,CUST0408,0.027881756,0,Month_2
0.20328806,-0.328273,-1.4522676,-2.8010178,0.03418118,-0.36551613,-0.031976,0.42610928,-0.19454318,-0.3348055,0.43337235,0.26516804,0.119177304,0.15352164,0.33640438,-0.14845005,-0.04156526,0.13794343,-0.16305758,0.19060291,-0.08098285,-0.0031229458,-0.39900303,CUST0409,0.08389512,0,Credit_Utilization
0.110118166,0.06715516,0.10597839,0.014789638,0.08510603,-0.006041836,-0.034255084,-0.47592348,-0.15074472,0.011750068,0.041555047,0.31310713,-0.9829684,0.070984475,-1.0169778,0.25586113,-0.030195052,-0.042081345,-0.22220065,-0.21029061,-0.062099803,-0.0048325337,-0.2524016,CUST0410,0.3185686,0,Month_5
-1.446092,-0.09062864,-0.11686904,0.3556125,-0.11478731,0.03658747,-0.27067414,-0.715135,0.22571625,0.03653164,0.49349704,-1.5116873,-0.8180544,-0.7432182,0.027939197,-0.4347236,-0.08908508,-0.15769368,-0.09225097,-0.23568273,-0.06412728,-0.006704821,-0.13252403,CUST0411,0.014631955,0,Month_2
-0.75081813,-0.28301263,-1.0562564,-0.11320408,-0.28474736,-0.19341925,-0.7873964,-0.731091,0.27297103,0.055375792,-0.6088652,0.35343045,0.18504491,0.3337717,0.09837194,-1.319616,-0.14794858,-0.07210093,-0.23571919,-0.18775508,0.23870614,-0.00416653,-0.3081461,CUST0412,0.019989794,0,Month_6
-0.7816911,-0.82435596,-0.3367303,-0.3248155,-0.18157612,-0.2007491,-0.8462907,-0.2986588,0.15764704,0.03470801,-0.46679753,0.20025499,0.14456521,-1.028784,0.45885843,-0.23216891,-0.07304466,-0.056336008,-0.038045656,-0.18742034,-0.10868416,-0.005697813,-0.10866017,CUST0413,0.030762155,0,Month_4
0.5990728,0.02960082,-0.09829613,0.047725294,0.35544097,-0.7558897,-0.3658543,0.29704872,0.0032591207,0.0005741308,-0.5184346,-1.3231722,0.1443589,-0.077156,-0.7628146,-0.649557,0.3739324,-0.13811047,-0.097494274,0.54914236,-0.066502035,-0.0032112002,-0.3561918,CUST0414,0.23897997,0,Month_2
0.3700855,0.037227828,0.12427713,0.45822415,0.08977745,-0.07541074,0.55535305,0.86433834,0.036936566,0.02511564,0.25728935,-1.1517576,0.11854689,-0.7078006,0.33248186,0.011968168,-0.0380813,-0.046734508,0.2515093,-0.17459492,-0.122682765,-0.0243494,0.7129899,CUST0415,0.97231954,1,Month_2
0.4331471,-1.3989707,0.12684728,-0.20370084,-0.2723149,-0.409583,-0.21817137,0.20609285,0.15125902,0.034444682,-0.7037788,0.16853958,0.106126755,0.07100439,-1.9536912,-0.4724986,-0.03595209,-0.11885204,0.16674869,-0.15727383,-0.1380207,-0.022606881,0.26054296,CUST0416,0.061432537,0,Month_5
-0.07685904,0.32126284,-0.013424456,-0.20299426,-1.3934042,-0.55251294,-0.29020417,0.0007825657,-0.037767787,-0.020706477,-0.54799587,0.11749748,0.04902126,0.22767663,-1.1552619,-0.39701593,-0.021147871,-0.09404633,0.34943715,-0.26236206,-0.13502747,-0.022606881,0.46361452,CUST0417,0.1150874,0,Missed_Payments
0.056066807,-0.51436627,-0.08350516,-0.3618672,-0.12604645,-0.74023664,-0.10958412,-0.12991232,-0.48249766,-0.2520907,-0.43556374,0.2094734,0.13577358,0.15696836,0.46709412,-0.16746306,0.07007333,-0.06510754,-0.18799347,-0.30121464,-0.12649257,-0.022573084,0.26669657,CUST0418,0.25159562,0,Loan_Balance
-1.4022877,-0.007480541,-0.02419878,-0.3504178,-0.00031856715,-0.10811961,-0.24362628,-0.7596887,-0.71751994,-0.434113,0.008489711,0.48361355,0.15984322,0.41894278,0.13489239,0.6400056,-0.043775786,-0.105593845,-0.3243479,-0.3243323,0.20874839,-0.0035250126,-0.31918597,CUST0419,0.18850599,0,Age
-0.5272845,-0.6672171,-0.031297795,-1.4191865,-0.19522585,-0.518245,-0.70366937,-0.21168144,-0.13559279,0.012218266,-0.4127922,0.22001998,0.11095943,0.22435775,0.2268509,-0.9033869,-0.09212518,-0.14012258,0.48287314,-0.106717154,-0.051235452,-0.0051805875,-0.30307725,CUST0420,0.02952612,0,Credit_Utilization
-0.9558155,-0.05653532,-0.40779963,-1.6520942,-0.11868868,-0.2843579,-0.42286494,0.41828108,0.30828065,0.054387134,-0.49716234,-0.66141844,0.10556421,-0.46862358,0.084215164,-0.63831687,-0.15261583,0.3068814,-0.12322732,-0.15551704,-0.09688229,-0.022870764,0.63046527,CUST0421,0.040994164,0,Credit_Utilization
0.3646986,0.06028473,-0.1502544,-0.3782374,-1.1224482,0.11182516,-0.09059532,-0.9006035,0.32348767,-0.0034324962,0.15489018,-0.03488107,-0.030542048,-0.024278093,-1.1280164,-0.8786572,-0.028066637,-0.04077824,-0.02962524,-0.21191004,-0.1401646,0.04963387,-0.17100771,CUST0422,0.06633313,0,Month_5
0.7642638,0.010911788,-0.21031654,-0.39574942,-0.12603538,-0.286336,-0.04554337,-1.1378597,0.15561087,0.024436675,0.3017589,0.14728098,-1.3097602,-0.13518494,0.24227981,-0.9702347,-0.03148765,-0.052888807,-0.20804031,-0.30427,-0.2151869,-0.026135255,-0.07591304,CUST0423,0.097075365,0,Month_3
0.9377273,-0.26690018,0.20252205,0.27681097,0.008952296,0.10775776,0.28080213,0.3920606,0.2708455,0.04200136,-0.13213253,0.36611053,-0.7438593,0.026197905,0.39664844,0.01799967,-0.024579141,-0.0280712,-0.17400265,-0.1622142,-0.0644098,-0.0048325337,-0.14705764,CUST0424,0.96204376,1,Age
-0.21480407,-0.08717641,0.060465153,-1.1723598,0.43841937,-0.4707365,-0.026872218,-1.0361862,0.046084244,0.033326164,-0.48717672,0.068038724,-0.4723049,-0.980429,-0.41252342,-0.19726811,-0.04083504,-0.12358924,0.46174958,-0.37972498,-0.15138142,-0.024656616,0.26909223,CUST0425,0.037449267,0,Credit_Utilization
-0.25431225,0.18686876,0.013934291,-0.15436958,-0.1579133,-0.14442731,-0.35371628,0.13568303,0.21390691,-0.016034506,-0.1349465,0.35886174,-1.1657865,-0.9380898,0.2791112,-0.07388935,-0.022836437,-0.11794561,-0.10229056,-0.28791347,0.28718662,-0.003333421,-0.35723814,CUST0426,0.239533,0,Month_3
0.45198476,0.009497652,-0.07009584,-1.0559287,-0.92400146,-0.2457276,-0.20062566,-0.44481054,0.24145545,0.022510175,-0.4372014,0.30501014,-0.13786584,0.2363189,0.122361824,-1.0102772,-0.026327103,-0.10870585,-0.11536076,0.44891572,-0.068930395,-0.0035130787,-0.17647794,CUST0427,0.17747542,0,Credit_Utilization
-0.4267059,-0.13470167,-1.1748451,0.03668632,-0.031340387,0.016546989,-0.13554688,0.17835467,0.2203326,0.009034313,-0.20438556,0.40255314,-1.3242629,-0.29639095,0.18945035,-0.7861356,-0.05854091,0.09852664,-0.1247989,0.13119784,-0.09627988,-0.0032057278,-0.40994418,CUST0428,0.0936252,0,Month_3
0.30452538,-0.46233797,0.04376037,0.2789227,-0.02079068,-0.37781313,-0.42482176,-0.9253752,-0.34471792,-0.17437759,0.20455784,-2.7656248,0.1540435,0.2912207,0.12477161,0.39837313,-0.16752452,-0.045046344,0.4798109,-0.093272135,-0.078307495,-0.0065275393,-0.024877386,CUST0429,0.12161986,0,Month_2
-0.38524646,0.13473393,0.20433463,0.4084445,-0.029981747,0.13775946,0.3970648,-0.22905982,0.22341198,0.0731707,-0.116877384,0.5940656,-0.84229076,0.3987898,0.20467433,0.674313,-0.030006053,-0.037417825,0.44080046,0.6914583,-0.039019268,-0.0038292445,-0.1119392,CUST0430,0.98800975,1,Month_3
-0.5775163,-0.045866754,0.07526825,-0.1364401,-1.7228917,-0.65269053,0.41398108,-0.13049631,0.07479174,0.0075450083,-0.7055006,0.2895852,0.052222468,-0.05023468,0.14318907,-1.3354185,-0.026577253,0.17434165,-0.04905649,0.4266282,-0.09160414,-0.0035130787,-0.20272018,CUST0431,0.081755884,0,Missed_Payments
-0.40211144,-0.117364325,-0.024544153,0.05158938,0.06427924,-0.30353808,-0.041439824,-0.86312675,0.2694778,0.02190642,-0.016235558,0.15996794,-1.3985378,-0.17023106,0.1252499,-1.1381992,-0.026423348,0.11198407,-0.23398387,-0.22927178,-0.15705544,0.04763687,-0.043566227,CUST0432,0.065418795,0,Month_3
0.06285593,-0.5267661,0.011780169,-0.43998367,-0.045459583,-0.29372394,0.165661,-0.45126686,-0.013520635,0.07210979,0.08590501,0.13291204,0.35932097,-0.9274803,0.43936053,-0.5623117,-0.026504694,-0.053282242,-0.05514719,-0.17238311,-0.05506149,-0.0048325337,-0.12500352,CUST0433,0.31678784,0,Month_4
0.35475734,0.05406741,-0.1254453,-0.036826085,-0.17700034,-0.46214795,-0.49579322,-0.12046591,0.093476094,-0.027211083,-0.5802543,0.23648821,0.052780647,0.33527672,-1.9408228,-0.52480334,-0.03392467,-0.14275979,0.2203581,-0.25830218,-0.074025616,-0.0050098146,-0.2219961,CUST0434,0.097498305,0,Month_5
-1.1235173,-0.6543898,-0.25682703,-0.037787534,-0.14671351,-0.4898272,-0.24433261,-0.2804959,0.16676182,-0.12976244,-0.25602236,0.15466765,-0.77245784,-1.1565799,-1.0157778,0.5060421,0.12136713,-0.10550226,-0.22003788,0.64055544,-0.042090286,-0.0033317143,-0.35611853,CUST0435,0.017158937,0,Month_4
-1.3306543,-0.3429881,-1.2163831,-0.12562071,-0.21271184,-0.33165276,-0.1403976,0.2582608,-0.100085415,-0.08901239,-0.41483867,-2.0044386,0.057197846,-0.01884767,0.28747588,-0.23879403,-0.1744967,-0.08426274,0.03401217,0.29477885,-0.079430155,-0.003795687,-0.36675072,CUST0436,0.0091103865,0,Month_2
0.054095987,-0.845671,-0.4157988,-0.07412208,0.21794738,-0.10506571,-0.0341399,0.0012290627,0.13078952,0.10095906,-0.67894274,0.20363729,0.3369238,-0.91456026,0.06820639,-0.8267258,-0.042090725,-0.12660602,-0.03997912,0.27557376,-0.048635527,-0.0032398407,-0.24912584,CUST0437,0.20406294,0,Month_4
-0.9646578,-0.1744299,-0.27469096,0.20235792,-0.3100801,-0.10668324,-1.0016484,-0.83453655,-0.7692186,-0.011169982,-0.4336616,0.42822173,0.25298986,0.22021665,0.15801087,0.55020714,-0.16394311,-0.063736975,-0.28497306,-0.13014957,0.23490682,-0.00416653,-0.34655532,CUST0438,0.1021885,0,Debt_to_Income_Ratio
-0.26209414,-1.9394367,-0.13023508,-0.37791854,-0.086061865,-0.6738307,-0.17877196,-0.28375122,-0.7620707,-0.3852013,-0.53321975,0.19262993,0.264866,0.2129917,0.3071973,0.21107054,-0.04709674,-0.03935078,-0.098682106,-0.18732058,-0.11598593,-0.022606881,0.047675528,CUST0439,0.037944265,0,Income
-1.2086643,-0.5355072,-0.21503295,-0.40058976,-0.15227617,-0.20875208,-0.3667097,0.064504966,0.121093236,0.033693153,-0.31000534,-1.6179544,0.072287954,0.05021732,-0.78789556,-0.33744127,-0.09754842,-0.107557535,-0.1818789,-0.1672186,0.14514753,-0.004412258,-0.38347775,CUST0440,0.007091575,0,Month_2
0.41721573,-0.06174504,-0.42617887,-0.34360698,-0.31050307,-0.43777686,-0.20274162,0.30834872,0.456692,0.051392112,-0.4168487,-0.3501096,-0.57275087,-0.36805937,-0.78665346,-0.41297728,-0.08282679,-0.18451253,-0.08456828,-0.15274106,-0.049166314,-0.0052836086,-0.32024553,CUST0441,0.06407997,0,Month_5
-1.1798558,-0.47230983,-0.26524535,-0.124459684,0.23752743,-0.17325345,0.0028696877,-0.26007634,0.12356627,0.03276462,-0.39016235,0.31249395,0.20601782,0.1471459,0.17987463,-1.2180208,-0.039019376,0.13344786,-0.16709323,-0.073706836,-0.03741792,0.04368175,-0.22015457,CUST0442,0.17550021,0,Month_6
-0.24074006,-0.025387278,-0.02865049,0.14600922,-0.10099846,0.27886802,-0.6465147,-1.8611467,-1.4566907,-0.15044811,0.03628854,0.26281247,0.38235337,0.16148475,0.23788944,0.04390285,-0.082984,-0.023096086,-0.17098916,-0.27247307,-0.21342915,-0.025381543,0.116337836,CUST0443,0.121453896,0,Account_Tenure
-0.4910316,-0.32295644,-0.14393242,-0.27747956,-0.0132717285,-0.1897154,0.0819075,0.05787758,-0.7356619,-0.0896182,0.2874778,-2.5283654,0.1285356,0.2944022,0.3077182,0.25136083,-0.19337082,-0.04837946,-0.14899167,-0.064627856,-0.06600938,0.04507561,-0.2534185,CUST0444,0.07883904,0,Month_2
-0.62206733,-1.1768454,-0.029853977,-0.042134788,-0.11333166,-0.58875686,-0.29601923,-0.4197298,0.0015274999,0.03235184,-0.46609035,0.18999179,0.14080328,0.001338265,-1.918643,-0.9274074,-0.026889564,-0.10227268,-0.08299399,-0.15010294,-0.10554641,-0.0057043214,-0.09196685,CUST0445,0.00578838,0,Month_5
0.08861704,0.26642272,-0.22936036,0.21483263,-0.7778428,-0.10607608,0.53808594,0.51667833,0.09478655,0.06364416,0.7810114,0.27112055,0.286993,0.38621005,-0.78982115,0.5668109,-0.035879515,-0.042138513,-0.050977554,-0.050897684,-0.054012194,-0.0050098146,-0.17528301,CUST0446,0.9680826,1,Month_5
0.23745486,-0.9829367,0.04944512,0.069830544,0.0979544,-0.24970753,-0.3238992,0.076177485,0.28727505,0.017961537,-0.4071569,-0.029981613,0.29522648,-0.9938684,-1.5234523,0.57133776,-0.05404825,-0.08100038,0.011938314,-0.17281193,-0.14494994,0.04659607,-0.2835598,CUST0447,0.1380089,0,Month_5
-0.9956736,-0.11313764,-0.1183367,0.43417826,-0.2328652,-0.4411172,-0.25200906,0.22934799,0.4443791,0.043982062,-0.25331408,-1.3034732,0.114383705,-0.07486254,-1.0912402,-0.9039046,0.15491466,-0.080807626,-0.1105922,-0.2039002,-0.082578935,0.05171367,-0.17731403,CUST0448,0.035298537,0,Month_2
-0.21347715,-0.20987427,-0.05007458,-0.21047226,-0.041204374,-0.33343673,-0.03806844,-0.2535539,0.26920542,-0.10664924,0.016412796,0.16803087,-1.1034436,-1.1378305,-1.6409341,0.07851895,-0.041154027,-0.06060869,-0.03980585,-0.3699539,-0.11322945,0.04963387,-0.2368914,CUST0449,0.018622037,0,Month_5
-0.9365633,-0.0023801322,-0.4125159,0.20602356,0.15593131,-0.96855825,-0.07324666,-0.3582427,-0.0014930754,0.022150489,-0.6978561,0.3981745,0.19139615,0.05581602,0.071674764,-1.3622544,-0.033888664,-0.109498255,-0.1336776,-0.13330156,-0.08154089,-0.0055270405,-0.0033832786,CUST0450,0.0718568,0,Month_6
0.1298188,0.024118574,-0.42937717,-2.4414728,-0.0148991775,-0.24688536,0.0027926262,-1.1157005,-0.5944214,-0.029367698,0.19736694,0.1889472,0.36080346,0.18995935,0.2570154,-0.5493436,-0.03182715,-0.032627936,-0.14282854,0.37544408,-0.07811941,-0.0035130787,-0.20835158,CUST0451,0.073221914,0,Credit_Utilization
0.7889855,-0.08599148,-0.66716546,-0.37862933,-0.22486244,-0.43719465,-0.5159749,0.07293907,0.052193146,-0.006427572,0.3055114,-0.8780896,-0.4801689,-0.1136043,-1.0420816,-0.61595184,-0.090957284,-0.07162487,-0.17679456,-0.1481872,-0.10041066,0.0459771,-0.40094736,CUST0452,0.028882587,0,Month_5
-0.970593,0.27609912,-0.1984234,0.13055417,-0.013170365,-0.19908665,0.031308465,0.15477534,0.2266527,0.08563942,0.060484204,0.14247988,-0.8334873,-0.3526461,0.16117337,-0.8464042,-0.015506937,-0.045426544,-0.04787688,-0.275206,-0.20780337,-0.028272351,0.005299962,CUST0453,0.24876936,1,Age
-0.22497034,-0.38989666,-0.002644844,-0.05185076,-0.20988195,-0.22859605,-0.7440451,0.40937328,0.10962851,0.02998842,-0.43718636,-1.8392248,0.2258793,0.20413035,0.3240051,-0.6785836,-0.13869317,0.088803776,-0.08818819,-0.15650786,-0.0550448,-0.0065750545,-0.24922879,CUST0454,0.079069294,0,Month_2
-1.2080859,0.0006775729,-0.07936577,-0.19069399,-0.9270442,0.42690232,-0.27438152,-0.02169396,-0.03570054,0.022910746,0.52461135,-1.0408025,-0.06563254,0.25715232,-0.63909954,-0.7088747,-0.13616942,-0.11364932,-0.11558445,-0.1400439,0.14708687,-0.0034903195,-0.3620835,CUST0455,0.046141393,0,Age
-0.8428202,-0.26693058,-0.52261996,-0.016408473,-0.22795364,-0.018425738,-0.24060853,-0.79468817,0.10485407,-0.051362205,-0.14538234,-2.3760216,0.13850011,-0.039890982,0.15799247,0.52490467,-0.21586566,0.31307888,-0.06950034,-0.14817469,0.22945991,-0.0046038497,-0.3337698,CUST0456,0.03946835,0,Month_2
0.3527245,-0.016692385,-0.07367615,-0.027592948,-0.058177833,-0.2685919,-0.045676462,-1.0371349,0.0118810665,-0.038548768,-0.23828481,0.34331566,-1.5704647,-0.07320421,0.019271445,0.28322777,-0.031888414,0.15102896,-0.31194934,-0.3184953,-0.18474565,-0.026135255,-0.13111351,CUST0457,0.1629181,0,Month_3
-0.077885866,-0.74156034,-0.12991929,0.008215338,-0.19000861,-0.5499102,-0.67498374,-0.5748974,0.3969729,0.066461824,-0.32726222,-1.3861684,0.10143825,-0.49659434,0.018965185,0.4505695,-0.22854027,-0.07166196,-0.01647527,0.37144738,-0.10195712,-0.019087061,-0.35314545,CUST0458,0.053568427,0,Month_2
0.048045,0.031768557,-0.5326989,-0.22420302,-0.0828517,-0.20535675,-0.30646873,-0.5501627,0.2641055,-0.018432638,-0.1251514,0.2819748,0.2273901,0.1400113,-2.0440784,-0.43267778,0.124548525,-0.061343886,-0.12832172,-0.27034998,-0.08379194,0.047529448,-0.20317788,CUST0459,0.07947913,0,Month_5
-1.0573751,-0.07276489,-0.39000455,0.3300271,-0.03522928,0.15305232,0.020130873,0.28680247,0.12959498,0.045997597,-0.31558645,0.37812853,0.025892936,-1.3053651,0.17419863,-0.7521731,-0.034273732,-0.12750626,0.27365142,-0.07715847,-0.033429537,-0.0050098146,-0.28776872,CUST0460,0.2646538,0,Month_4
0.3787459,0.26779285,0.30035776,0.11041266,0.2869117,0.1989986,0.62023443,0.45053366,0.18743142,0.0005575329,-0.050643224,-1.2397666,0.28444728,0.15542476,0.20220481,-0.6123761,-0.07614476,-0.035077676,-0.016346881,-0.11017227,-0.089277685,0.06286703,-0.24756856,CUST0461,0.9360637,1,Month_2
0.41111138,-0.13954003,0.0054079895,0.24671982,-0.91705936,-0.34136236,-0.3859222,-0.8159201,0.13821939,0.026091669,-0.15672396,-1.4294078,-0.011974415,-0.6946758,-0.68364143,0.47844386,-0.10782169,-0.068383306,-0.026613247,-0.26155016,-0.06171583,-0.006704821,-0.13168517,CUST0462,0.036247663,0,Month_2
-1.3602716,-0.3408339,-0.06179322,0.1641253,-0.21481647,-0.047080778,-0.11459992,0.50829417,-0.26726586,-0.21747497,0.6223555,0.16391551,0.13586546,-1.8481222,0.1530737,0.3851568,0.10270057,-0.16487192,-0.13364968,-0.19442074,0.16778223,-0.00318273,-0.47025815,CUST0463,0.20082863,0,Month_4
-0.17932479,0.016609676,-0.8110581,-0.1512717,-0.10374118,-0.42519617,-0.24454942,-0.12704122,-0.049884103,-0.051658936,0.16582549,-2.4315038,0.07885739,0.33518523,0.052314814,-0.276442,0.22219369,-0.04092035,-0.09802607,-0.06277101,-0.10826406,0.04608665,-0.23931514,CUST0464,0.055743046,0,Month_2
-0.4736462,-0.7926595,-0.31665707,-0.40048373,-0.01446444,-0.6604617,-0.57316065,-0.6569029,0.25375098,0.07734801,-0.5778801,0.017028162,-0.9710827,-0.4915947,-1.2013984,-0.17782335,-0.031802393,-0.087299086,-0.04352598,-0.263752,-0.23824191,-0.026860181,0.38981828,CUST0465,0.003656805,0,Month_5
-0.857772,-0.029316949,0.15244052,-1.2452738,-0.2965871,0.023543851,-0.1983283,-0.53870356,0.13312712,-0.031474438,-0.08384244,-2.426616,-0.5873895,0.19373824,0.29336655,0.21038274,-0.12928721,-0.029301088,0.22778304,0.7331554,-0.044442847,-0.004991492,-0.15018898,CUST0466,0.04601287,0,Month_2
-1.0890406,-0.121266395,-0.27639815,-0.47415307,-0.018716687,-0.037922855,-0.16207291,0.17971556,0.19500718,0.019221107,-0.5143603,0.3725143,0.32370034,0.18979126,0.24413843,-1.22171,0.06981064,-0.05710171,-0.06980785,-0.3314154,-0.22825648,-0.026759919,-0.1545062,CUST0467,0.17721371,0,Month_6
-1.0642827,-0.0354209,0.07623714,-0.23208141,-1.4554971,-0.14258265,-0.34815693,-0.4455044,0.14527014,0.03933399,-0.12755851,0.2136393,0.1236623,-0.95875466,-0.88207096,-0.37394062,-0.044367258,0.20788902,-0.11896365,0.56113094,-0.06906196,-0.0035130787,-0.36033034,CUST0468,0.025563955,0,Missed_Payments
0.3274273,-0.24485527,-0.63940793,0.103692904,-0.038568478,-0.140559,-0.21425416,-0.985946,-0.0698095,-0.36960372,-0.22356066,0.3478634,0.0029034168,0.3625402,0.17357771,-0.13089672,-0.033821896,-0.043085635,0.053677093,-0.12787305,-0.102717526,0.04963387,-0.06677456,CUST0469,0.41188693,0,Account_Tenure
-0.342014,-0.5995622,-0.79092556,-0.043554813,-0.05871677,-0.39472717,-0.34358948,-0.03891578,0.061145075,0.033497892,-0.562625,0.20714216,0.08529508,-1.056618,0.25928745,-1.1945913,-0.029752972,-0.15903199,-0.111408964,-0.14582396,-0.030210178,0.04567875,-0.27430734,CUST0470,0.021246677,0,Month_6
-0.84610105,-0.15532306,-0.51681364,-0.18229307,0.16909648,-0.09546386,-0.3546792,-0.03808193,-0.11836665,0.020213995,0.3249216,0.39963907,-1.2462258,0.3843519,-1.1927072,0.1629541,-0.051115744,-0.026655165,0.36676824,0.24462855,-0.07048539,-0.0032398407,-0.40413773,CUST0471,0.17152387,0,Month_3
-0.28560892,-0.4831994,-0.035596963,0.11265864,-0.3261404,-0.08536223,-0.9046816,-0.6894359,-0.749467,-0.30850276,-0.22991061,0.31339163,0.21024476,-1.1297988,0.36139372,-0.106793806,-0.071118906,-0.06167027,-0.13458325,-0.19340898,0.44731227,-0.0045675184,-0.3296666,CUST0472,0.046077244,0,Month_4
-0.5387108,-0.0068439143,-0.032144815,-0.27648318,-0.1251537,-0.0792075,-1.0881441,-0.67272,0.19465168,0.03868209,0.18730953,0.16960517,0.09494393,-1.2950033,0.19775541,-0.73191357,-0.07288325,-0.043128397,-0.0054144487,-0.26952553,-0.1717914,-0.0067847264,-0.083621465,CUST0473,0.049159486,0,Month_4
-1.0701773,-0.0374661,0.0068075154,0.108121105,-0.12752804,-0.36959904,-0.03234484,0.3711552,0.12124517,0.04865726,-0.43812016,0.2655091,-1.237588,0.30563173,0.14939402,-0.1940266,-0.031546257,0.21222775,-0.22079349,-0.24382772,-0.084580734,-0.022606881,0.27573642,CUST0474,0.35629746,0,Month_3
-0.8266789,-0.41628316,-0.010631256,-0.70545596,-0.08083261,-0.534769,-0.002354246,-0.21962458,-0.4752474,-0.41676244,0.1473891,0.21356066,0.25525308,0.21034013,0.26821247,-0.23281074,-0.02578266,-0.05082769,-0.18968114,-0.27225062,-0.28133497,-0.030322086,-0.26885542,CUST0475,0.091829374,0,Age
-0.865092,-0.18058802,-0.5256201,0.26526263,-0.17583735,-0.2435952,-0.27254215,-0.935149,0.08907872,0.011665287,-0.23452647,-2.3129513,0.15373394,-0.05865973,0.31577808,-0.9624802,-0.07747051,-0.050451558,-0.23925398,-0.26783314,-0.22197835,-0.032962974,-0.22346018,CUST0476,0.0045381626,0,Month_2
-1.0914247,-1.2295835,-0.0702096,-0.15730661,-0.123681016,-0.17904872,0.041493036,-0.44358096,-0.0049109105,0.09939776,0.26459897,0.085757494,-0.98138225,-0.50813425,-1.7416252,-0.111935526,-0.02584257,-0.056673743,-0.08241816,-0.10663948,-0.0964446,0.051617503,-0.12723479,CUST0477,0.0070969895,0,Month_5
0.088232026,-0.020702451,-0.06367274,0.26658803,0.41424072,-0.11879859,0.042943683,-0.17639853,0.1361398,0.07137401,0.69865173,0.4193297,-0.84895885,0.30498216,-0.23717561,0.34912515,-0.0563043,-0.037053563,-0.13726029,-0.08350324,-0.13184063,-0.024656616,0.35809767,CUST0478,0.94622284,1,Month_3
-0.55987185,-0.23765807,-0.05002886,-0.40739802,-0.052710153,-0.2989455,-0.18753791,-0.9140709,-0.5226283,-0.06563589,-0.08656958,0.26677397,-1.3008225,0.09951498,0.44933107,0.3787846,-0.033830974,-0.040052675,0.6324984,-0.2863021,-0.10301593,-0.0053652916,-0.002577144,CUST0479,0.1579091,0,Month_3
-0.5906982,-0.43250978,-0.5096746,-0.27067915,-0.09779447,-0.19599414,-0.9134873,-0.81503385,-0.8088899,-0.3143044,-0.4713588,0.12252066,0.20105745,-1.4620283,0.15016879,0.44653535,0.2743449,-0.093537316,-0.10944221,-0.21299267,-0.12389989,-0.006183273,-0.12780169,CUST0480,0.008947134,0,Month_4
0.029734936,-0.39678138,-0.52503514,0.46103117,0.02182606,-0.9015081,0.057494786,0.26652175,-0.28152928,-0.34058285,-0.5836593,0.32558018,0.23283625,-1.0215893,0.44366765,-0.0898522,-0.06779863,-0.12258727,-0.11997698,0.2796478,-0.08323458,-0.0032398407,-0.2879763,CUST0481,0.2586951,0,Month_4
0.46985245,-0.6526894,-0.55340815,-0.11070723,-0.30581602,-0.18049264,-1.0998005,0.25103703,-0.55259037,-0.27026385,-0.33494857,0.24326737,0.1716205,0.21639055,0.48935354,-0.086862236,-0.08340037,-0.027216548,-0.13230757,-0.08863108,-0.10522671,0.04659607,-0.24643016,CUST0482,0.21611965,0,Debt_to_Income_Ratio
-0.813461,0.040994894,-0.01750636,-0.12635227,-0.16198342,-0.22139001,-0.18260953,0.21631312,0.14462571,0.037433345,-0.2982423,0.23918304,0.16516416,0.2588807,-2.2376385,-0.4454808,-0.026783913,-0.070538655,-0.12272694,-0.32912362,-0.09715524,-0.0057043214,-0.1251495,CUST0483,0.07412394,0,Month_5
0.18562445,0.09102339,-0.46275398,-0.41228145,-0.18889385,-0.25074178,-0.17242694,0.08198985,0.029573834,-0.01023626,-0.26249316,0.22859558,0.1685169,0.338388,-1.9799774,0.554152,-0.036500882,-0.044178393,-0.058592875,-0.33760118,0.19774087,-0.003333421,-0.40788448,CUST0484,0.25010693,0,Month_5
-0.33207208,-0.27408934,-0.087916374,0.25818455,0.09982742,-0.99899715,-0.8647816,-0.5236779,-0.06705146,0.057768308,-0.4748525,0.29311657,0.20674494,-1.2515572,0.28367832,0.36556876,-0.04498256,-0.08970504,-0.0064040767,-0.2689279,-0.16158292,0.050423812,-0.22395207,CUST0485,0.08309736,0,Month_4
-0.26769403,-0.59098744,-0.06361228,-0.23581415,-0.72367764,-0.17203206,-0.32150596,-0.24328788,0.04825186,0.05026398,-0.2969198,-1.354164,0.16618821,0.10942227,-1.0870128,-0.33643326,-0.06654166,-0.049995743,-0.034458492,-0.07191102,-0.10457439,0.050900355,-0.12780893,CUST0486,0.016804583,0,Month_2
-0.74364734,-0.61505514,-0.5666507,-2.1286542,-1.6209848,-0.27337575,-0.09321906,0.13195229,-0.48279625,-0.20287156,0.44949073,0.1584461,0.28372446,0.21208571,0.05772306,0.23119521,0.1126217,-0.08119437,-0.13461721,-0.05425281,-0.04704294,-0.004976019,-0.1395495,CUST0487,0.019890947,0,Credit_Utilization
-0.020325795,-0.04964886,-0.25122947,0.021971392,0.06845351,0.018718643,-0.08725369,-1.1370153,0.16461234,-0.09398768,0.23503691,-1.3430998,0.056005254,-0.706476,-0.7960808,0.28187895,-0.19061959,-0.11070772,0.011855601,-0.25755098,0.25237834,-0.0046038497,-0.38414624,CUST0488,0.064913325,0,Month_2
-0.461037,-0.073836826,0.109501936,-0.16253977,-0.1338254,-0.6629223,-0.15560701,-0.7309171,0.20317377,0.019510552,-0.29961663,-2.3435705,0.15666206,-0.15998746,0.28363717,-0.73256403,-0.10990172,0.18859477,-0.12404166,0.6854853,-0.09415251,-0.0046753264,-0.21846116,CUST0489,0.040432792,0,Month_2
-0.56102484,-0.04746307,-0.035756003,0.36778957,0.0725062,-0.15498851,-0.2863032,-0.22230293,-0.48664135,-0.06818124,0.130272,-2.700856,0.3106478,0.05295966,0.078019336,0.22083133,-0.19314817,-0.029877372,-0.06565442,-0.13100086,-0.20969379,-0.021199336,-0.084729336,CUST0490,0.08229665,0,Month_2
-0.70596117,-0.7839348,-0.6133609,-0.29984877,-0.23904924,0.060602564,-0.1684129,-0.86127,0.055107616,0.03768764,-0.20992944,-1.417552,0.1404156,-0.039769392,-0.7400051,0.63184446,-0.26062664,0.24034835,-0.21913262,-0.22178611,0.22310708,-0.0046038497,-0.27624342,CUST0491,0.017668854,0,Month_2
-1.0931414,-0.07276039,-0.57876235,-0.031816594,0.22130595,-0.1931745,-0.019434886,-0.75931805,0.22802688,-0.05068401,-0.2718668,-2.1540143,-0.8097736,0.29185003,-0.075798415,0.31604096,-0.18791015,-0.06388571,-0.3173598,-0.1267534,-0.057217862,0.048903354,-0.11168949,CUST0492,0.014557501,0,Month_2
0.008791857,0.01621887,-0.030548884,0.27101213,-0.25766954,-0.6576688,-0.34376425,-0.04281784,0.005123465,0.03375641,-0.15365666,-2.4445624,0.09862578,0.2641628,0.46619153,-0.18123014,-0.09466392,-0.070954524,-0.014835216,-0.077864826,0.10328491,-0.0034903195,-0.31568155,CUST0493,0.14579225,0,Month_2
-0.7443874,-0.07200609,-1.0236005,-0.06343212,-1.1925455,-0.013674956,-0.3663492,-0.22581972,-0.1268343,-0.046859436,-0.04259917,0.19635226,0.049898908,0.10117877,-1.5481075,0.34995344,-0.03456256,-0.03196557,0.22430424,-0.12671527,-0.08834499,0.051617503,-0.27651182,CUST0494,0.03239678,0,Month_5
-0.08306747,0.21542276,0.16210355,0.6415094,-0.96304137,0.29099926,0.5435447,0.033196468,0.07675527,-0.11005451,-0.09654688,0.39576456,0.22875245,0.27760592,0.44477323,0.5645035,-0.03353476,-0.038654458,-0.06808836,-0.044901006,-0.038961567,-0.0057043214,0.056821566,CUST0495,0.9837527,1,Missed_Payments
-1.5591538,-0.65574145,0.048623353,0.5308062,-0.1635141,-0.29038256,-0.110274784,0.421978,-0.15012698,-0.04547183,0.57223207,0.34534562,-1.6926523,0.12667167,0.13637052,-0.11355892,0.098803446,-0.07276675,-0.29984048,-0.027545432,-0.024417061,-0.0047987374,-0.17422608,CUST0496,0.19009526,0,Month_3
-0.14593275,-0.30084455,-0.5952299,-0.22864637,0.07432093,-0.024491018,0.22010733,-1.2009836,-0.0027329072,-0.009014918,0.47487548,0.6465395,0.08897853,0.32312238,0.23107848,-1.104502,-0.03523542,-0.018438477,0.6131689,-0.31478563,-0.15865955,-0.024656616,-0.011716949,CUST0497,0.53757155,1,Account_Tenure
0.4329978,0.01597797,-1.0124128,-0.5225865,-0.052636825,-0.110139355,-0.7284767,-1.2885238,0.07415106,-0.056779232,0.21216558,0.061686985,0.113835774,0.09696748,0.05652982,-1.097159,-0.08161219,-0.038781416,-0.17721838,-0.31033918,-0.23189433,-0.025381543,0.20192313,CUST0498,0.056601327,0,Account_Tenure
0.6615657,0.2682906,-0.04375132,-0.09964612,0.024328623,0.073541425,0.21654664,0.28774,0.24411288,0.04195876,-0.12314135,0.29629228,0.07577401,-0.7325339,0.38032657,-0.6679437,-0.028607234,-0.04014442,0.01041061,-0.19257449,-0.10996876,-0.021245137,0.59411025,CUST0499,0.9410159,1,Month_4
-0.4717416,-0.44134837,0.019459609,-1.3328099,0.0059901476,-0.060497142,-0.029372761,-0.5030491,-0.052012205,-0.021465695,-0.07978192,0.4413904,0.18887196,0.06460003,0.3675382,0.3788726,-0.03790376,0.12912251,-0.107320026,-0.114933304,-0.07831557,-0.0055270405,0.013501206,CUST0500,0.48188755,0,Credit_Utilization
